-- phpMyAdmin SQL Dump
-- version 4.9.0.1
-- https://www.phpmyadmin.net/
--
-- Host: localhost:8889
-- Generation Time: Jun 25, 2020 at 06:22 PM
-- Server version: 5.7.26
-- PHP Version: 7.3.8

SET SQL_MODE = "NO_AUTO_VALUE_ON_ZERO";
SET time_zone = "+00:00";

--
-- Database: `codFlix`
--

-- --------------------------------------------------------

--
-- Table structure for table `episodes`
--

CREATE TABLE `episodes` (
  `id` int(11) NOT NULL,
  `season_id` int(11) NOT NULL,
  `index_episode` int(3) NOT NULL,
  `title` varchar(100) NOT NULL,
  `summary` text NOT NULL,
  `duration` time NOT NULL,
  `url` varchar(255) NOT NULL
) ENGINE=InnoDB DEFAULT CHARSET=utf8;

--
-- Dumping data for table `episodes`
--

INSERT INTO `episodes` (`id`, `season_id`, `index_episode`, `title`, `summary`, `duration`, `url`) VALUES
(1, 1, 1, 'Chute Libre', 'Walter White, 50 ans, est Professeur de chimie dans un lycée public. Il travaille parallèlement dans une station de lavage de voitures afin de boucler les fins de mois. Il vit avec sa femme Skyler qui est enceinte de leur deuxième enfant et son fils Walter Jr, un adolescent handicapé.\r\n\r\nSon beau-frère, Hank Schrader est un agent fédéral de la DEA. Il l\'invite à participer à l\'interpellation d\'un petit producteur de méth. A cette occasion, il revoit un de ses anciens élèves, Jesse Pinkman, qui est vraisemblablement devenu dealer de drogues.', '01:00:00', 'https://www.youtube.com/embed/HhesaQXLuRY'),
(2, 1, 2, 'Le Choix', 'Walter et Jesse doivent gérer les deux corps qui se trouvent dans le camping-car, mais la situation se complique lorsque Krazy-8 se réveille et s\'enfuit. Ce dernier est vite rattrapé, séquestré et attaché avec un cadenas au poteau du sous-sol, chez Jesse. De plus, Skyler s\'inquiète du comportement de Walter car elle sait qu\'il fréquente Jesse et le fait fumer de l\'herbe. Walter et Skyler apprennent qu\'ils vont avoir une fille.', '01:04:00', 'https://www.youtube.com/embed/lZKqMVPlDg8'),
(3, 4, 1, 'La Longue Obscurité lumineuse', 'En 1995 en Louisiane, Martin Hart et Rustin Cohle enquêtent sur le meurtre rituel de Dora Lange, une ancienne prostituée. Un symbole a été peint sur son dos et elle avait des bois de cerf sur sa tête. Elle avait les yeux bandés et a été posée en position de prière près d\'un grand arbre solitaire. Les enquêteurs retrouvent aussi de nombreux treillages de brindille sur la scène de crime. Cohle est convaincu que Dora n\'est pas la seule victime mais Hart est sceptique quant à cette idée. Ils découvrent après le cas de Marie Fontenot, une petite fille disparue cinq ans plus tôt mais aucune enquête n\'a été ouverte.', '00:41:00', 'https://www.youtube.com/embed/fVQUcaO4AvE'),
(4, 4, 2, 'Visions', 'En 1995, Cohle et Hart continuent leur enquête sur le meurtre de Dora Lange. Ils rendent visite à la mère de celle-ci qui les informe que sa fille est venue la voir un mois auparavant. Elle les informe aussi que sa fille fréquentait une église sans se rappeler son nom exact. Cohle déduit que Hart trompe sa femme Maggie avec Lisa Tragnetti, une sténographe judiciaire, ce qui crée une tension entre les deux. Cohle éprouve les effets hallucinatoires dus à sa consommation de drogue. Il méprise aussi le révérend Billy Lee Tuttle qui envisage de créer un détachement spécial pour enquêter sur les crimes ayant une connotation antichrétienne.', '00:55:00', 'https://www.youtube.com/embed/fVQUcaO4AvE'),
(5, 2, 2, 'Chasse à l\'homme', 'Après avoir terminé leur accord avec Tuco dans la casse, Walt et Jesse réalisent que Tuco est fou. En effet, ce dernier tue son homme de main sans raison en le tabassant violemment, devant leurs yeux. Une fois rentrés, les deux hommes sont persuadés qu\'ils sont les prochains sur la liste. Jesse est convaincu qu\'il a vu Tuco dans une voiture noire passant dans sa rue.', '00:39:00', 'https://www.youtube.com/embed/I-8914DuyhY'),
(6, 2, 1, 'Traqués', 'Walt a disparu. Toute sa famille, profondément inquiète, le cherche activement. En réalité, Walt et Jesse ont été enlevés par Tuco qui a paniqué après la disparition de son bras droit et beau-frère, Gonzo. Il les conduit dans une maison dans la campagne et on découvre son oncle (Tio) en fauteuil roulant qui ne communique qu’avec une cloche. Walt et Jesse essayent d\'empoisonner Tuco, en vain : l\'oncle, même s\'il ne peut plus parler a toute sa tête. Il comprend le stratagème du duo et empêche Tuco de manger.', '00:47:00', 'https://www.youtube.com/embed/I-8914DuyhY');

-- --------------------------------------------------------

--
-- Table structure for table `genre`
--

CREATE TABLE `genre` (
  `id` int(11) NOT NULL,
  `name` varchar(50) NOT NULL
) ENGINE=InnoDB DEFAULT CHARSET=latin1;

--
-- Dumping data for table `genre`
--

INSERT INTO `genre` (`id`, `name`) VALUES
(1, 'Action'),
(2, 'Horreur'),
(3, 'Science-Fiction'),
(4, 'Comédie'),
(5, 'investigation');

-- --------------------------------------------------------

--
-- Table structure for table `history`
--

CREATE TABLE `history` (
  `id` int(11) NOT NULL,
  `user_id` int(11) NOT NULL,
  `media_id` int(11) DEFAULT NULL,
  `episode_id` int(11) DEFAULT NULL,
  `start_date` datetime NOT NULL,
  `finish_date` datetime DEFAULT NULL,
  `watch_duration` int(11) NOT NULL DEFAULT '0' COMMENT 'in seconds'
) ENGINE=InnoDB DEFAULT CHARSET=latin1;

-- --------------------------------------------------------

--
-- Table structure for table `media`
--

CREATE TABLE `media` (
  `id` int(11) NOT NULL,
  `genre_id` int(11) NOT NULL,
  `title` varchar(100) NOT NULL,
  `type` varchar(20) NOT NULL,
  `status` varchar(20) NOT NULL,
  `release_date` date NOT NULL,
  `duration` time DEFAULT NULL,
  `summary` longtext NOT NULL,
  `trailer_url` varchar(100) NOT NULL
) ENGINE=InnoDB DEFAULT CHARSET=latin1;

--
-- Dumping data for table `media`
--

INSERT INTO `media` (`id`, `genre_id`, `title`, `type`, `status`, `release_date`, `duration`, `summary`, `trailer_url`) VALUES
(1, 4, 'Le prénom', 'film', 'available', '2012-04-25', '01:18:00', 'Vincent, la quarantaine bien entamée, va être papa pour la première fois. Invité à dîner chez sa soeur et son beau-frère, il retrouve Claude, un ami d\'enfance. La soirée se déroule dans la joie et la bonne humeur jusqu\'au moment où Vincent annonce le prénom du futur bébé. Le dîner familial sombre alors dans le chaos et devient le théâtre de violents règlements de comptes.', 'https://www.youtube.com/embed/FX2ukwKgWlo'),
(2, 3, 'Premier contact', 'film', 'available', '2016-12-07', '02:05:00', 'Lorsque de mystérieux vaisseaux venus du fond de l\'espace surgissent un peu partout sur Terre, une équipe d\'experts est rassemblée sous la direction de la linguiste Louise Banks afin de tenter de comprendre leurs intentions. Face à l\'énigme que constituent leur présence et leurs messages mystérieux, les réactions dans le monde sont extrêmes et l\'humanité se retrouve bientôt au bord d\'une guerre absolue. Louise Banks et son équipe n\'ont que très peu de temps pour trouver des réponses.', 'https://www.youtube.com/embed/rcOKL69bKpQ'),
(3, 3, 'Dune', 'film', 'unavailable', '2020-11-18', '02:35:00', 'La planète la plus importante de l\'univers, Arrakis, est également appelée \"Dune\". Une gigantesque lutte pour le pouvoir commence autour de celle-ci, aboutissant à une guerre interstellaire.', 'https://www.youtube.com/embed/UZXB4aAIJcw'),
(4, 1, 'Breaking Bad', 'series', 'available', '2008-01-20', '00:00:00', 'Walter White, 50 ans, est professeur de chimie dans un lycée du Nouveau-Mexique. Pour réunir de l\'argent afin de subvenir aux besoins de sa famille, Walter met ses connaissances en chimie à profit pour fabriquer et vendre du crystal meth.', 'https://www.youtube.com/embed/HhesaQXLuRY'),
(6, 5, 'True Detective', 'series', 'available', '2014-01-12', '00:00:00', 'La série se présente comme une anthologie, chaque saison ayant une distribution et une intrigue distinctes1.\r\n\r\nLa première saison se déroule en Louisiane, en 1995, et narre l\'enquête de deux inspecteurs très différents de la Louisiana State Police, Rust Cohle et Martin Hart, chargés de résoudre l\'assassinat d\'une jeune femme coiffée de bois de cerfs et tatouée de dessins sataniques. Alors qu\'ils ont quitté la police, que Rust semble parti à la dérive, que Martin est devenu détective privé, ils sont contactés et interrogés en 2012 par deux autres inspecteurs après qu\'un meurtre similaire a été commis. Cet interrogatoire construit les retours en arrière qui dévoilent les étapes de l\'enquête et l\'évolution des relations entre les deux hommes et leur psychologie. Après cet interrogatoire, Rust va convaincre son ancien coéquipier de reprendre l\'enquête que lui n\'a jamais abandonnée. À eux deux, ils vont soulever un coin du mystère d\'une série de meurtres sataniques et pédophiles.\r\n\r\nLa deuxième saison prend place dans le nord de la Californie. L\'officier de patrouille Paul Woodrugh retrouve un corps dans la juridiction de Ventura mais recherché dans la ville industrielle (fictive) de Vinci. Les inspecteurs Ray Velcoro, de Vinci, et Ani Bezzerides, de Ventura, sont assignés à une unité spéciale créée pour cette enquête. L\'entrepreneur Frank Semyon, qui essaie de tourner la page de sa carrière criminelle, et sa femme Jordan suivent le déroulement de l\'enquête de près, la victime leur ayant fait perdre beaucoup d\'argent.', 'https://www.youtube.com/embed/fVQUcaO4AvE');

-- --------------------------------------------------------

--
-- Table structure for table `season`
--

CREATE TABLE `season` (
  `id` int(11) NOT NULL,
  `media_id` int(11) NOT NULL,
  `title` varchar(100) NOT NULL,
  `picture` text NOT NULL
) ENGINE=InnoDB DEFAULT CHARSET=utf8;

--
-- Dumping data for table `season`
--

INSERT INTO `season` (`id`, `media_id`, `title`, `picture`) VALUES
(1, 4, 'Season 1', 'data:image/jpeg;base64,/9j/4AAQSkZJRgABAQAAAQABAAD/2wCEAAkGBxITEhUSEhIVFhUXFRcWFRcWGBcXFxUWFRcXGBgXGBcYHSggGBolHRcXITEhJSkrLi4uFx8zODMtNygtLisBCgoKDg0OGxAQGy0lHyUtLS0tLy0tLS0tLS0wMC0tLS0tLS0tLS0tLy0tLy0tLS0tLS0tLS0tLS0tLS0tLS0tLf/AABEIARMAtwMBIgACEQEDEQH/xAAcAAABBQEBAQAAAAAAAAAAAAACAAEDBQYEBwj/xABEEAACAQIEAwUDCgQFAQkAAAABAhEAAwQSITEFQVEGEyJhcTKBkQcUI0JScqGxwfAzgtHhFWKSsvFTJCVDVGN0orPC/8QAGgEAAgMBAQAAAAAAAAAAAAAAAQIAAwQFBv/EADERAAICAQIEAgkEAwEAAAAAAAABAhEDEiEEMUFRE2EFFCKBkaGx4fAVMnHBI1LRQv/aAAwDAQACEQMRAD8AoqalUdy+gMFlB6Eiuy2lzPIpN8iWlUPzq39tfiKXzq39tfiKXXHuHRLsTUqG3cDaqQfTWiFMnYKoVKlSogFSpUhUIIU4FOBRAVAWNFGBTgUYFAFghaNRSijAo0SxgtSKtOoo1QkgAEkmABqSToAB1oBQAWmC1LlpgKgQQKMLSAo1FQKGUU9EKVAZMpK5sDwlsVjEwysFNwwGIkCELagfdrprt7DD/vfDfeb/AOl6z8V+z3mjg98qR0J8nmd2s2eIYS5fXMO6khpScy84Ig8qzXD764e6wvWRcKhkKNl8LBgDMg7EHaPWJr0jgnEML/izpb4c9u8b19PnK3XuFWJcNdFt1KLOvoGjUUKYg4DAYm5kt37ycRuIty4oPiIE3CBBzRm0B0JrmNnTlCL3W1X+bmBwtxWNxlUKrXGIXkoMEKPTap5rQ/JthrbJjcQ48dpQ1uEFzIXDFri22IDFcoietXWDvJjGwyovf3kvHNevWVt22t5GbJcCMc5EAgeXrXRwZaxrbkc2XD63d7vl8a/NjDWwCQJAkgSdhPMxJgVZdoeCthHRGuI+e2twFJiGLAb7+zv51quL3EvYDFObwvtau28jdyLPd5nVSqaklYJ3q3xdkmHsENihw+zktuqsDbzMWdJnM/IDbaZnSx5n+e4ZcKqavs18+l0+Xc85wnDs9m5e720vdx4GaHefsLzrjrWcAu5sDxHMqSBbacihpuM2bUDbwiByq7xPF2tLw3Jbsg3kXvD3aiVYoCqgCFBknTypnkadV+VZWsEZRUrrbt513POhRLXoL4FLT482O7tXVu21svcyKihwHdLbP4VYjNp0jaqXtjxBbncW1uI7W7c3jby9215gMxBUQx03Gn40Y5NTpIry8Poi23v967+V8jNiiApAUYFWmSxwKJRSAqW3bJIABJOgA1JJ2AA51BkhraSQACSSAANSSdgBzNaHAYU23W1b1xLEK7jUYYMQpCkb3PFqw9nYayag0woyqQcQRDMNRhwd1U/9XkW+rsNZNaX5PeHKqnEvoSxS2Z3ncEdZH51RlnUb6fU28Nh1TUevXy+/0/nlnMRhziCQy5MUs5liO/yyCQNu9EGQPaiRrM0sVve2tm1dspi7ZIdWVPDykltSOYJkHz86zhUYoSABiRuBoMQBzHS71H1txrUxztX+L7Ez4anpu39fv9f551ApUQWnirjKCBSqRRSqEKCuO3jrtjErfsnLcTVTAMSuU6EQdCa66eq82LxI1ZZjyaHaO658ovFGBHziJ5i3bB+OXSqVuMXzYOGZybTXTeIIBY3CILFz4jPrXZTisj4G/wD0XS4ub5/Ui7O8WuYZjctXe7eY3GoIXQg6Eac+lW97tdiGuJd+cKGtklAuRVUkEE5AIJIJBmd64+EdnbmNu3Ft3Lad3bFxmuEhQswdQDU2M7EXRZuX7OJwuIW0M1wWLudlWCSYiNgTvyO9VeM8T0aU62ssjjyyjcW658zsvdtMQy3FN+1luCHXLaynqYjc8z/QU13tNiLr27vfAva0RkW2Cs8jlGo8jpqetZXheMt2nLXbQuqUKhSYgkiGBgxsR7678DdV3uui5FZ5VdPCDyEACrsGZTlWlC5FNQ1a38TRHtLiiLgLrF3+L9Fa8Wka+DpSu9ocS3dFnU9yZtfR2vBAgR4fw8gdwKBODOcKcWHtlAwUqGJcEmNREDcHfY1XgVrUYPkkUSyZVzb335mu4X2pJS6Lt/u7zurd4bQe2yqsZSiiA3+aCSAByFcXaXjC37dq3m710LFr3di1mDbIqjXKPONhWfAolFRYop2LLiskoaH/AH3vvXvqxKKkVaQWpFWrClIe3bJIABJJgAakk7ADnVxphQVUg4giGYaiwDuin/q8i31dhrJqqWrgRihB0xAGh2F8Dkel3z+t671y8+Rox+XPp+d+3/aKxbDaeFvF7Oh8Xp191WtnFD5ubLsUKuxQw2mdcrowiIIk9QRXbYx6Duc1zVVdW0uqF/7OLShl3DAjKSm4E6GoUxVoWWTMc5vd6GCswBV0C+34j4e8OvXUzSNt9C2MFG2muv8AX57hYzFAYcYSyrxm7y7mVs7HQzljwqIHwHnNIEI1EjmCJ01iQfXn1rUW+J2+9zd7ytEsBdykpf7xlUGWAK8jpJImIrn+fI+G7hVJuRCAAyS+JZyvn4QhHqaEW10GyQUn+7pt7uSOMqMUJGmIG42F8DdgOV3qPrb771YWrh2GHBRCDeIi441FsHe2h+11b3DmarclPF/AqyR78+v537/9sALSqULSo2LpMqKVPTgVYVDAUQFOBRAVAGk+TllF7GlxKjBksJiROonlI51P2Sv4TE2cbhsDYfC3Hw5LXGc3lKiRkJb2JzHbXc8qyWD7Q38Ffd7BUM9sK2ZcwiZqbifyhcQvW2tNdVVYEN3aKpYHQjNqR7orjZl/kf8AJ2uHyRWOKfTy/vobPgCW7CYGxe+aWDeW2Wsm0cRexPeEAM7QO6nXfMB1IEVydn+D2UxnFCttWGGztZtESuYgkeHmBEAeY8qymF+UDHW7dtFa2TaAVLjW1a4EEeDMeUCNpjnzro7OdoMR397Fhgt13l4XwtIEgqeWgp8EW5Uhs2SCgm1yNc2Oe9wu+zhJGIQSiKmb2DqEABOsfCsoFq5v9pMS9t7RKBH3VbaAD7ojTrO886qgtdGCcbOXmkptU26Vb+8ALRBKkC0YFPZVoQCrUirTgUYFSxlFDBalVaSipFFCxlEsgBiRrpfGx5XwOR6XfP63ruXZ0KMRbV7YaXCw0jKcw1jmRGxquAq4w143WVlIGJUgqTEXo2BnTvPP63rvVLZV0NEKck+v1+/1/nny8Xsk4m6qiSbrAADfxGAAKkuMMOCiEG8RDuNRbB3RD9rkW9w5mpsXiO7LQwa+5Pe3BEJm9pEj63Vh6DmaqYqLdElUW65/T7ghaVFFKKcqGFKnilUCZQCiApAUQFWmOxwKIClFGBUBYlFGBSAo1qBQgKICniiUUBkMq1IBTgUQFAdDAUQFVPGeP2sOyo0F2GaCYAXXUmD0rm4T2ts3XZSMgGxJP/y0gfE1S80E6bNMeFyyjqUdjQgUYFEq0YWrSmhlFSAU6rRgUtjUMBTgUQWnAqDUDFKKKKUUCUDFKKKKUVCART0UU1QlGVAogKcCiAq4wDAUainAqQLUCkMBRqKdVo1WpYyQwFGBSC0QFAYQFSAUlWpVWgMjz7AWlxHF3FxQwV8oDeyAkLr8Pia9qxXY/ANZZRaW2xGhXLIPKBtzn3149j+H2beKxDXpVWDXEg5Q7ZAwBYagTI05ivS+yeAw+IweHvS5upYVWaXWSCWJE6XNDpPQGuDn/e7PZcLXhRrkZzs9dLJcRjmNq69nNtOSOVXCrQ2eFJYa4Enx3GuNrMM+sT6R75roCV1sDfhxvseb4pLx513AC0QFHlp4qwqAinijilFQIEUoo4pRUIBFKKKKUUCAxSoopVCGVAolFEFo1WrzBTGUVIopwtGq0BkhAUQFOq1IFoD0ABRhaILUgWhYVEBVqVFrnx2KW0mdpiQABuSf3vyqou4rEXNM3dDokZoI0liD+EVnzcTDF+404eGnk3XIq/lBxlsXLKHcBi3RQxWJ6TBrZ9nOOWBYPdpdPdIWdjDKoVZgHmSOW+tYnE9k1k3TcdxH0i3CWDhYMSpVuW81tOGYPKGw5gWyvs25B8QEqGJJCieWp67iuNnzRyS1Ho+FrDi0WWETr119Z1n8aILUfZzs6MPmRXZrRgqjGTbOxytp4TpoecnnVri8BlGYHTmOldPDxkJ0uTONl4OcLkt18yvinijilFazLQEU0VJFNFAAEUoo4pRUCBlpRRxSioQCKVHFKoQzIFGBRBaILVhnSGAogtEFowtAYZRRqtEFo1WpYUhgtGFogKNVoWNRju2eLPjWYRUCMeYd2R/9iH/VRYDiiXnaN8zN6LOg9wiqHGYzvsPi70yrYwZI5hUhfdk1/loOzTZbV68dfCLanqWaT+Qrh8R7blLzO7ihpgonoItBrNz7pB9SK6MXe+mygwTEfl+hqo4djvo3Wf8AxUJ8wXQH8JqwF0nE27o1Qk23H2GMm22p2Jlf5l6ViSLjW4IwNT+zUfEsSGyW59u4B/pBc/7PxrnZxGXVTGkg/nt151n+zd97mLYOP4GfWZnOqA/DQfGrU2uRH2L0rTRXRi18R89fjUNd6E9UUziShpk0DFNFEaaabUDSxopRRTTxRsGkCKaKkimipZKAinoopVLJRngKILThaMCrDMhgtGFp1FGFoBQwWpAtICjAoDiArm4reyWXMwYyj7zkKPxIrrqm7SXP4VqYLOW9yDn01YfCqs09EGy7DDVNI8yxTGzhblrYrjNuoW26/wBPjVii93hLNuILOXPoI/sPdQ9sMKBicm05XjrK7/BfwNK++a6izpbQL7yZP6VyOaT9527LvhN7Rieqn8RWg4C2fvF08N1XgchyAnlpVHgbMROxKjY6y4jWfMcqsOFp83xsEyl22SQTMZbiAcuQue+T0rNSthRubCnfyisl/iC2LuJuZmIcsNoKun0ZAgD7Kn0IrW28Un2h8a85+UO39PaRNVK5p+07sQSfOFXTpFNFJugSPQMPiDcs2rh3KCeWsA0xaoeA2WGDAMsFgz05QJJakWro8Pl/xryMs8Gqdkuamzioc9RE00s9cjTh4DW3bo6e9p++rlBp5qrx5mp+j8SOtbtI3K5M9Kab1mVFa9FwbOoXKVcoNKh6xIf9Lx9zmCUWWpgtPlrqWeV0kYWiC0cU4FCxkhgKIChzim7wUjyJF0cE30JKyvEMej4qCwAtE2wTtmIBYkwYjb3Hea0T3qqcB2TcC5emVd3ddQCAzFtypnU/lXO4rLcaOni4bQtTKDtFhc2Jh1/h4O8+cAFQQGy+IaDX3/GqfgdiYdjOfXzHiZd/UCthxXA5cNiniC6MW20VVA3A5wW9WNZng6E2wwBgCBAMQDt75NZ2tMEXyVGmwuFMjTZkbnqFcMffAq4GD+ngW0cqpAdtspgkE6x6Qdq58C8NGhEgHWcuh/pTNwnGXMYmRLnzeYLq0IVeAx3BldQNZiKzxTlyCkXvD8OrWLcJLPbVgBOjFQTljVdekVj+2HCWBFwvdNxRDG7kDgqdAqogBBk6yeWmpNevcOwluwiouVY0kGJPvMn41U9sbQbuwYIKuPjlnX4VqhhbfMWfsxtlB2Sx925h+7bJkMqLh9snQBcoVV3OhncGgvoVYqdwSD6gxRdhR3F97FxwEyeHXw5SzHWRvP50eKWXY6GWbUag6nUeVSEJbovwZIx3fU55pUeSkqVascm6LZcXiim0MKYmpQKE26seCVbGWHH49Vy2AAowlOFohTwwdyrP6Qcn7DAFuno6VOsEEUS9IZmNFMaN6jNwAxOtXOaRijhk+SHFC7xUV+90PwrlZdZnSs0+JS2R1OH9FyklKTryJmNNrQBySIrvw2G5mqY3N7GvKlgjcuZwtiFRodkWCv8AEOkMHObQzlGQhpiJETtTWO3WDa3LXUtFk0SHQbxqpkCd5npqa6cZ3DWbwuIG709yoMapZkuVaQUl2KGCD9HWUvfJ+rIyBVRs5KvLkhCUgQTuAGEEkAsaEoW9tyuGX2PapWi47R3c2DvEEENbMEEQQ0aztBmqTgeFAQCNwPI7VYdsbAs8P7tRAAtWlG+ilQNeZhffWX4XjsRZCqQcv1VuKY/lJgx5AxVWdSfMKhGW8Da4dCDoJ23nWJ5mtDb4+tgd0zKHzGFXUnbaeWu561neGl2sW7317lzIB9XKCSxIJk6K3PpWe7bWns4q3iRMXRlPQMnIdJU7f5TVWOElbHUNLWo9U4Zxcu+wHWAJ8pP/ABXT2pQ5bZ5SfxH9qxnYvG52knpXoHHUDYcHow/p+tXYW2w8TFRjaMrhcWMO1zEROWzBHUh1ya+rn4108QtKHlBCsFcCIyh1DQRy3qp4tw9rxtodLWbNdiAWA2XWdCY/rpBtLjSZPkPQAAAe4ACtkItZG+hzM2SMsEY9b+RyslDlrpy0xSrtjKpPkQU0VKUpZKNgoiilUmSkVqWSiOlRkUqlko5MZeImKqGvMTNX/FLGUwRB6HQ1xWLQPKa5s25SpnpuG0YsepRIsOhaBFdq4AnfSpcLhH6R+9qtktQBVkMUWtzJxHG5VL2WVtnCBeWtTMpAJAkgEgaakDQa13d3SyVeqSpHOnKc3ctyl4Vh2yrnHsLkXwlSS0NdYz9p5bTkRVhkrqyU2SimkqFmnOVsxHymGMNaH2sQg+CXG/QVZ8E4emIsd3cEgj3g9QeRqv8AlST6Cx/7gAeZNu5V92NtlbazzFY87uaOrwSrEyw/w1LNq1aXXICATv4jJPqaou1vCPnGGdAJdfpLf31nT3iV/mrU4vVj5afCoctaYJKNGDLKTy6ux5t2BxnjEc4I9NK9gvXQ+GbrAPwIrxi5b+a8SuLsufOv3bvi08gSR7q9RweND2QF3Hte/lWSPs5Dpz9vDfkcuWllqfLTZa36jieGQ5aaKny0xWhqJ4ZzlabLXQVpstTUHQc5WhK10laErU1E8M54pVMVp6OoXQzK454M3cZcM7G4+pj19asuD4dQDcXGZlCnOJDKhKkjNOk1zdtOzt/Em13IU5A4aSFgtkjQnyNS9n+B37Fq+txPE8ZAGUzlVtdDA3rmKPmeiyZ9UdKikjU4XF2HELctkhc0hhBAMHn1/UdKdb1smM4n+nrVZwkFLapdtOGDSGXI0HvCdcrSVKkyPOp7rW7j3AhOdI7xR4iAwlWPr15xMzmhpZpQjtuZ8fDwySqWx3qyHZ1PoRQC/b27xP8AUOf/ABVI2JUtkXWPb20H3TqeXxp+7AMCSQZ0iJ26+7/mqfXpdjT+mQ/3+Rci/aO1xPPxDkY69aMMh2dfiKzWPw7MpyiSYgkgQwY6QdvUVYjDhwPERBBgRII8xvFH159gfpkf9vkUXyggm7hLYI9q45nXVcgXT+Zq0PA8NlMgiNDAMhSd9ayjW++4m0wUtWwm0DN7ZPwYD+Wt0+FCWRl8OY8tP3tTSyX7bXQkMeheGn15kht0u7rP3LEuG7w7ZUWWjqdCNG2n0rj4vhbzI4S8VeCFJdwAf0008qi41N1Qj9GOr1HF8oXCD3tnFDQAd1cMbalrZPlJYe8VYfJ3fDB7dxvHJMcyDsQelVPHMNcayRDMMpJaWEFULCRsYdQD5GrXsLeUm25VZIHi5wRtRWVTdj+C8UXBs1Hd03d1xcTtOl4wWC5jEFiIMHUDaDmHpUaPcDfxRqNB4jrrO5IH1fiaj4xJ00VL0dJxtNFj3dCUquTiV7xA5dGMSCAy6wQ0gSYpf4legkKh9dhy5Gab1yAn6dl8ix7um7uqRuPXwzKbIiVCsPEDmIB2bSN9fPpQPx/EB2XuliEykKxBnNmBIO4y/l7z61EX1HIXvd0xtVVniV+IOUeYXXQxqCSK5r3G7gCqLlrOQdxGY7aDN1567il9bgM/R2VdviXZtUqrrPGmPtKm0zqBExzO9Kj65AX9Py+XxDGKxQJi3aPX6Q7wJA8HWlcxOLJE2rXOPGTrBj6mnrNcoxqW1XPiS7mZK4W/BPkADHLmd6A8et5dXacpgGzeXWNATH4/8VTVd/maLvsTniOIDZclktEx3stHpkmorl7EDEWLwRFc5rYh5FxChco4KjbKWB5QRsxryxrHeBX7i/8AOjdUs4W5I18XiAkcxM7DTlHqGA4uzPbPcOCpMF7d2fEBJELHIak7T1oygob2xVLV0RpxwPMSWAWehHLkWGrdNRQ3OzKE6kmYEGCB5gHSdB606cRxPtZRlI5BgB8dz6xHnVjjMYFRc2cy0ju1ZjpB2Xb0NZ1GBpeTIiubgS5plc0/aIMemv8Aaai/wPcA+Kds245E6TyqTFcaYEn5tiDAMBbRzmY1WQYn/wDNdXCseb5Vwt9RqCrqF1kbny1Gh/LUaYvkHxprqYHs6uS5imP/AJi6g5+w5UR/pFbLjGLS3ZtC4jvJgZVLQepgGN6wXAuP4d85Zsha89w5p+s5bcb16rh82VSrGCoO5UQw085rTNUmilS3TRnrKq/iFm7ETJETygzrz6b1NZ4NZgM3gDQQDKGT5ETOwq4757KgHNcJYxkU6CZ8Uk6+fOgwmJN1s/dMhGk3FhtRPhPTQj4e/KoJdS55pM4n4LbKlRBWIOs7yCdB0rB9l5tobLCLlhyreqHKfymvULjFQZkazOp8oyieVYjtQ9mxeGIIZVuzaueF9WUeBgSBqVBB+6KuhSdLqI5N7s1d3Dd9lfXVRsY3A8tedRngnX3TNU/ZztHbeFyGFEBmIGsgDnzn+1ae5i8q5mttoJOTOx16Hn6VMkIuTbBDJNKolKeHojBNJOoA6TvE6686bF8JuEeAga6nuwx05an8qk4X2otXGIbMin2c4gLoZBbMddB0qzwvE0ZmRHV3HIBtBAgTz9aqUYPqO8kyl/wwNsFjWRA1n19fxqK92fLA5cqkiBABJIjU666Va2e1NkXFss1trhbJKhsmcmAuYiN4G9Wa4/UibZgxodR5ECafworm/kL48nyRlxwC4AJE7bAD8J0oDwNtjbLa6EKNPfrFadeJEtlC8joQRt5xFAeIssllE7wupMbgA89ufPlSuMO4/iZOxmE4HcGrByfIARPLelWpFyYbVSepMjygyKehoRPFkdVyzP1QfWmtqegHpXmmF7Y4sHW7I6lFMe4RV7hu2LwAz4dj/m762Z/0sv41q0bmS3Rru4nmZ8wDUlvC9TNcfD+NWXtq73bSNHiQXUaD6g6irD5zbicwjrOlOoR6iuUhhho/f96BbSbZW67H1qa1ikYSrA+hn8qPPTaY9BdUuoKWxyLD4/sUGIcIpYmQATz0CieW21GT5/GsV2848Ml3BWmGd7eW4QTNtLgHTmylo+6T0otpIiTbpHn/AGI7OMws5lBW4w18vrT517h828vSvNexeAWzdtMWbcDbTaBMmY1r0/vJ5fhSKUMg8oyhsRCwOYpwn7k1L3vKkWHlTKMVyEtkAtmZH+4/lVH2+4Z84wF+3EuENy2BuXteMATzMEe+tGD5Uz3AAS2wBJ9OdFJIDdnnPyU25QXCw1WABvr9r8K9IAMV4Z2X4lhrV0rZYyWPdHQAgHwjUSOVeucI40Ly8s2swdDBKn01BHkaVZI3THcHVlrLfZHxrl4vjzYsXb2Qt3aFgoPtEDQaDafKuPj1/GKgOES1caTmFwkacsuoB57kcqwXaHjHGTaIa0yKdCbCNmH8wJI91PYlGaF/xGFhLrgqobMVXvI8JiNwwFeiv2mNkM4xJv5fE1vueXMd4qgKR1NeL2uI3EYGHLKSXJDaMTJ03Bkk1q8PxXEXsO2GsW3vNc1Hdw6rMZi7ADJtENG9WFdHt1i8HUOsFWUFSDyP4U928q+0x/foK4uB21t4e0gRrUIBkfLnU8wxViM0yTBO9drOPL41W2WJALcnr+f6U9RXW10BPpNKqnOizTZhML2KvI4NwJcWYOR8pAMy0MhmNDFaM9lMKUy5NDzACmJ6xP8AxV7NBcvhRLHT3n8qL7slvkjK4j5PrB9i5cHrlYfkKr7vydN9W8vvUj8ia24xWhMGB10/SpLeIBEgGPT8fSjqXcFM89HYjF29bN5AeeV3U/lrU9vh/F0EC4zR/wCoh93jrf5q5OJYQ3UKLce0T9ZIDemvL0g+dEFnml/tjigGCXMz7DMtthOx1RRPl+dV3A+CXSzXXYtcuGWkk7Rv5wAAOQ0rV4DsAbZP0ylZ0JtnN8M0VpsFwO3b0l298L8F/vVM4ylsuRdGUY79TL4XAd2VdyFE8zH613L2vvKPpcFeUj7IJB+KitTbwyD2barHMAKfiNaM3Y+qT6bbT1191HHiUBZ5HMzI7c2B7Vm+pHVV/VhRHt5hD9seq/0JrSu8fVn9K54tt7VsE8/DI+JGtWWV0Ubdt8JEq2sjdXAA56gGi4h2swbWbgF6S1tgAEuTJUiBK1Z3OG4ZtTZt6mAe7WZJ9Jpn4Nhog2LYH3F/UUGGkfPNwhH8DZOo/HyNbjs52gRQC4IZWLhkloZ2JYgbwSxlSI19K9Bv9l8Fc0bC2yPulf6VVYn5OsCTNsXbX3HkcvthjSySkh4ui/4RxI3gZWNAQ2ysD/lPiU+RncanYd0nrz+Iqv4RwhcOMq3HbSPFl0HkFArpYEE+I68oG/P9+VRXW4KTex0zv5066dP0qAH4/vzps3v/AH+FBsiiT3LiigW6I2/D4aUIUHkPLlTINNY/ChbDpVE/fcpjn5Uqhcjn8NPjSo6mTQSjeY1689P2aQNCGoppwUHTKonTTrQZqINUBRKIp8wqGaQemsXSG1JRyoS1CWoBol061GVUzseu3p79vwoS3nP7/vTk1A0GgAEAQPKnqENTzQslB0+h31qEA/v30WapZKJTTg1CWpGD50bBpJHnnt8PjQqoHSmBoS2lCw0PcI86ZojSko60xpRkRE0x+H73miXfejzCaVIc57euumvMHp+zSqZopUKDYKHSpKVKnQGNOvx/Cldcx+/OlSqA6jipU/fwpUqZCsGKYimpUAoA/v4USjT99KVKoQQ/pSUUqVAIjvSpUqgBH9/Gl+/ypUqIQRRdf3ypUqhCPMTv1P50ZNKlQCCaFz+tKlQIhrdKlSoojP/Z'),
(2, 4, 'Season 2', 'data:image/jpeg;base64,/9j/4AAQSkZJRgABAQAAAQABAAD/2wCEAAkGBxMSEhUTExMWFhUXGBoaGBgXFxgfFxoXFRcdFxgaHRodICghGB4lHR0XITEiJikrLi4uHR8zODMsNygtLisBCgoKDg0OGxAQGy0lICUtLS0tLTUvLS4tLS8tLy01LS0tLy0tLS0tLSstLS0tLS0tLS0tLS0tLS0tLS0tLS0tLf/AABEIARMAtwMBIgACEQEDEQH/xAAcAAABBQEBAQAAAAAAAAAAAAAGAAEDBAUCBwj/xABHEAACAgAEBAMFBgIIAwYHAAABAgMRAAQSIQUTMUEGIlEyYXGBkQcUI0JSoWJyFSRDscHR4fBTsvEzY4KSk9MWFzQ1c6Kz/8QAGgEAAgMBAQAAAAAAAAAAAAAAAgMAAQQFBv/EADERAAICAQIEBAUDBAMAAAAAAAABAhEDEiEEMUFREyJhgTJxkaHRQlLhI7HB8AUU8f/aAAwDAQACEQMRAD8ADKw1Y6rCrHWPL2c4asdEYYjELs5wsdEYasQKzmsNWOqwsQhwRhqx2RhViFnBw1Y6rCrFFnOFjojDViEGwsPWFiEsbCrD4RxZBgMPiNZD5bRlVwTGzAhZAuxKnvR/wPfEuKTT5BSi4umIYfCwsWALCwsLELNGHLBmVb6sB8LNYiEsXpJ9V/yxNkT+LH/Ov/MMb/gbg+Vlgzk+ajdxl0RwEcqapyw2IB9kdcZc+SUapmjhcUcidoGw8Xo/1XFnKZMSkiNJGIrpp7mh++C7hnBuG5+LMfdY54JIU13I+pDsavzNtsb6H44G+EZHOUrwRSES7BhGGDaCbAJB6EEH6HGV8Rk7mn/rY+xnZ3Lhaq+rAg1sVNHcbYq40p0km0UGeR2c0BbMzEE0B1+WFxLgeYy4DTQvGCaBZSAT1q/X3Y3YZ3BN8zn5oVN6VsZlYasbEfhrONHzFy0pSrvQdx6gdSManB+FZaXhubmKPz4dNMX8nnbYhRXawbv/ACNzSJDFKTrltYJ1hqxo5zguZiCtJBKgcgLqQjUx6Ae8+mNTxBwMc9Ispls2NUatomT8QmyC2kdF6A33vtia1ZFjlTdcv8gyRhVjVl8O5pUaRsvKEQkMxQ0Cppr9wIIJ6bYh4ZwbMZi+RC8gXqVUkD3E9L92L1IrTK6ozzhYv8R4TPl9POiePVekOKJ01e3Wtxvili075Eaa2ZzhYVYRxZQxOK2ZzCIgkkGpTvFEf7WjWt+4hBHTq5FDayFmcwqKJJBqU7xRG/xaNa37iEHt1cihtZFXw9w+XiGcVSzF3Ns4AJT8qto28inRYGwX0AxkzZb2R0uG4bT5pcxjnpUa80GdMwqykWA1bqkkZG0bKAQtbUNJFbY0UNaQWDq4JjkApZAOu35HXYMnb3ggn1zxf4FhzGTEaIizIoEbgABNUqvIfUILkpRsAxAHTHgvC+I8sFHBaJ6LKDTBh0kQ/kkXse4sGwSMKhNwZozYo5Y0wjwqxGjVpBYOrAmOQChIB12/K69GTsfUEEzVjdGSkrRx8kJQelnNYfHRGFghdl/If9rH/Ov/ADDBn9mUrplOIvGgd1jjKqVLBmCyUNI3b4YDsgPxY/51/wCYYvcFz+eymr7vzY9daqiu9N17SnpZxh4t00buBdJh94VzOZzwmy2byvKgaMkukckPmsADc+fYk17t7GMyTi02W4LleRIVLyyqXXrpEkp2PayBvjBznH+JzIUkknKnYgR6bHoSqgke7FJ3zTQpAyyGKMlkTl7KWJJN6bPtHqe+MLkbnMJvs3jUmbYmYZeXlBW0ubIDaW30t7A1VteMrhuZBy+YycGSmVZWjEjSz6kifmBQxHKXSxYi+5oemMtosxHyniEqOhYqyqwYHYencWKOxF464rxHiGaAXMSTyKpsKUCrfrSKoJ9Cbrtjdgg3FMyZMyVx3+nOw8yMCR8ZhjlfNT5pUIM7GNYtJhJ0iNV2T5+11s74zPDxiTL8VMyM0QmTWqGmKiZrAPw7beljqMA+IuLHT/WMx5PZ/DW9umo6LkHuawe++IX47xMK9zT6XsyXGlNYpiSU2FbbUB7sGsci3xELvfr07r5l37QcjIkqZlJWky0ig5Z1JCxqANMagUIyoAqqJq+t0TcUnf8ApnhxDNbZeLVufMGMuoN+odDR9Bjz3KcbzUURhjndYib5Y0lbJvawSN96BAu/U4sSeLM+XWQ5ty6AhW0xWA1ahWijdDqMH4cqrbqKXEY7bt7tP6cw68NcRmk41nI3kdoyJl5bMxjCxuqrSHyrttsPzH1xhNl0k4Pk4ZZPuxMryKWWQrKAx89xhiGXUAoaidNjajgei8T51ZHlXNOJJAA76YrYLstgpQr3AYIsp4uH3WKNM/JkpUaQzaoDKszSNrLqwRtG9nSAu7H0BISg49Ow7HmhO033+7XqZHj/AIumazQdA9JEkeuRSryaSx1lTuAdXffA3gm8X+Ixmky8Qd5jCrasxIgR5Wcg7IPZUAAb7n07karD8fwox8Q7yN3ZyTipmswqKJJBqU7xRH+1rbW/cQg9urkUKAJFhU1SaCAx03FGTSzS3tGzdtrITbWRpsXgYzk7yOzyElyfMSKNjaq/KBVAVQArasJzZH8KNfC4FWt+xzmsy8rl3YszdT+w2GwAFAAbAAAdMEn2ZcVjy3EYZJSAhDoWPRNakBj7roH3E464fwuKUAxxRyBYwwIeQu0nIJYTBWqJBKKs6B7NEgkjTi8PZfTE0kLKzSL5RzdEnMhjGiNrOsLIxcEE2FkosADjMbwl4H4mnizM2Zzucy5hjj08uKaKR5igNGNVNhSzO3m6WorygjyTP5oyyySkUZHd6HQa2LV8rwS8T4XA6TjLwlTDtzWJSLVzIho1vIVLgGTrpJv2dtrHE+Fxwy191Ux8iaTzB7ASLVGx0zFtJk0rbKnWqs7UXQM8N4hy7RwXiYgsoNMGHsyIfySLvR77g2CRggjetILBlYExyAUJFHXb8rrsGTt7wQTneJMpHGsQVFRtEfMXbWHMSs4YGVmHmLdUSsQ+HCzOYq1RN5pbbSIwn9sH35bJezUbvTTaqLMeRwdoTmwrIqfM3cNjjKsSDe4shWI0llB8rFfykjer2wsb07VnDktLaZe0+uIDlU/Qv0xaIxyVxVIBNrkVjlU/SPphvuqfpH0xZGGAxKReuXc0+D8JknVIsvHqb8RtIKjYFQTuQO4xezHgziCKWOWehuaKMf8AyqxJ+QxtfZR/9Uv/AOGb/nixo+CsnHFmQycSXMNpYLApIMhrp5mo116dscnNBPI/mdrBG8cWzzK/XGvn5MqSPu6sp0zar1EVymoCz0Hbud7rbGtwrhkM0uafMQzyTiVqysKttqeyWkA0qASQPMPZPWxjvxd4ZjyqwTRJJFzUmDQyMGZGELEURd3v3Pb4YrHHdFuL0sD8rlXldY40LuxpVUWT8v3xNxLhsuXkMUyaHABKkg7MLHQkYJ+I8LyuRmgy80UsszBHkkSUIIizbCNdJ1kVe5Hb1oR/ah/9xl/lj/8A5jHUWS5UuRzJYNGNtvewPrCrEoW8IjDDOQ1hY6IwsWSyKaEOpVhYOKeeyZnNMf6x0Rz0zHojek/of7Tp7XtaNY4mhDqVYWDhWTGpo0YOIeJ+hS8IeKPuHOBhZ+ZpteZo3j1CmtGP5j7OlhXXfGt/8wVuB/uzF4IwiAzIEDCHk8zywiS6JNGQ12ogHGVnsmZzTH+sfkc9MwB0Rj0E47N+fofNu2FlmCSKzprCOCyNsG0tZQ9xdUcY2mtmdeM1JWuQZP8AaOKmCZWuZIZApmuNXcoztp5YY26E0GCnVuDV46b7SCGZly1hlmBEs3Ms5maKWRbKD8KoygT0a7sY3PGPEb4dJ9+ihimmZDlMugXmQoum2YgAgGm6+unvQ8wyGReZtK0KBZmY0iIOrufyqP32ABJANBmjxWduI52WZEEfMOttT2kSKACzvQ8o23rewACSAdLLwoEEcYIhBBJYU8zjpI47KN9Ef5bs2SThZeBQgjQHkghiWFPM46SOOyjfRH+W7Nkk4tVjRixfqkc7iuK/RD3Y2Fh8LGk5pe045ZcWSuGK4Gw6KmjDFMWNGGKYuwdIQ+B+MxZOZZZiQhjlXZSTbNGRsPgcWuF5rg2UlWdJM3K8dlVKrWqq/Svr64EZTYVdF1e4k09a7aG9PXEJi/7s/wDrD/2sc/Jim5t0dTDngoJWg6y/jHLzw5mOaWXJvLMZRJCGYlTQCErvYAAPS9veMUPEHHctNlstBl3lLQ8+zKPObik85PQknevfgSMI/wCGf/WH/tYeFNJsIejDeUH2lK3XKF9fUYuOGd7oOXEwp7hjxzxFkM4YszMJ0zCBQ8SICsmk2KkJpRZO53rtYxm+OeLQZvNGaAyEMFDa00i1FDTZs7DuB88YfKx0Isa4wUXdmGeaU4tNLchIxzoOLnLxzpwyzNRSrCrFsxYgK1i7JXcjrD1h8KsQojlhDAqwsHERVmljfynMoytGzi1zBQ2qv25woUT7dUfN7VqscSxKwKsLBwvJBSNGDO8T9DrNeMM9nlky7iABlIkYxaeWinzMzkkoB8L7AEkDFXLwLp0ICIbDeYU8zjpI47KN9MfRepsknE7B32kKkWCSFppSuytKfzlRsPqbJJxLhePFvcjRxHF2tMPqNWFWHGHGNBzxqwsdAYbELNjRjnRi1pw2jCbHNFTRjkpi2UxyUxdlNFUrjnl4t6MMI7xLKoqiHE4yJIvFrLZc3vidr6CsC5sZGCrco/dqGOTDi+4vERTFKRbiUGTDacW2XDBMFqF6Siy4gli3xfdMRlMFqJpRR5eFysXdGG0YvUVpRT5WH5eLejDaMTUTSiry8Ll4taMMUxNRNKK3Lw4TFjThacTUTSiuUwsT6cLEsmk3OXhuXi6ITjsQYRqNHhmcY8NycaiwYWke7E1F+EZggx0Ifdi+xHriMuMVqZNCK2g4blHEzSYjLHE3JsRshxC49cTMDiMpgkAyJsRHFgphimLBoracNoxa0Ybl4uytJX0YbRi1ysPyDiWXpKmjHLLW52H7Yu8rGN4oyzGIaYjL5hYAO3mB1UNzsGX/AMRxTlSCx4tUkmRcT4qkIUm21bjT0obWT067Yxz4mk06+Sum63J+P+XbuPXEfC2OXhl+85WRg6VEzKaTzGxuRosknfrd+ljnMJ2JvoPftthLyNnTx8JiS33PSOHZgTRrIu19RfQjqMWeXgb8DsQ7Rnowsb7Ar1+ZB/8A1wZfd/hh0ZWjnZ8OibS5FHl4WLvIwsXYnSzaxk8dzmitzVEsFBLHcBdl3I9r9sF58PzfpH1GATxBw+STOvAG06QFkpNZA0K+23Wm99XYBNVm1xrmdTFilrVo84z3GJnb22FMxU6m1qGOyE3uB2HbfFiXO5vM+emkKGNdSrurEkpSr0JIPmA9PXfYl8FSchsw0bQRg+RWB5si9nIJpB32HwFb4Ifs3yBXnharyGzs35hV9x/rgFJPazbOLjHVRu5VXKKZAA5UagOgavNXuu8dmPGi2UPqPrjh8vXcfLDdSOU4GeY8c6MXDHjlosXYLiUymOTHi2YsMY8XZWkq8vC5YxY5eEUxLK0lfQPTDV7sWNGG0YlkohrHQ+Ax3pwtOISjnmH0GG1tjvThaMQsscKykM0oGYCtGAWKv7BIG2rsQN9jt0xW8a5zKNFyoI1byE6YYgVRa2LaRpVb2vfc9sWeHovMTWAUumB6Udtx3F0SPTGR4rnOVz6SxqhjSPlMgajpttRVAPLvvQsWo91YuI+NWdj/AI/fG66HnUEbQyrItoVO4P0oj0N0fjj0Th+Z5gOpGjdTTo3Y1ezdGHvGBGeGTn6SF1iTfWQieU3bFqCjod/d32weoyujPEwlVTpYxWwDVqKg0NRojpfXGjHLaxHHY02qRGEwsd5eRXAKsDYurGoC68y9V+B9cLDrOa4tcwuQSdQx+uMLgHCWnzRneOw0iyKwbYRaYwgkWvMX5bt3K0oOxFbfFEOaaeCJ+UsY0yzqqlVJBtVBIFgA6mvbYDc7UsjLnY1QwLz49A1swRWNagp8ooNQUkejEbHfGKVtbHWxJQlbIPtB4VBJm8tLO7CMyEOwJFIqatJ7BCQAT18xHcYGvAWTUPmmSTWmoKpu1oM/s+6q+VY68V+IpMwTlpMs6TatMIp6fnLpA8rCmDbbnSRRrtgo8G+G/uuVVJQyysSzDqATQC2OtAC62smrGAx3H4jRncXjpFhMuh6sR8sTjhkZG0wv00/64vScJIr2jf8ACcQ/0XJV6SLNbje/h1w3XfUweG1zRlT5TT3B+BxAYcEMPBZfa2HxO/0xHNw2UXagj12xayLuC8T7A+YsMYsaX3RjflO3uxE0WD1AaDP5eOTHi+Y8cGLF6gXEpFMNy8XeXhxBiaitBQ5eHEPvxopk77j64mTh693XEc0RYmY/KwuXggTIRd3GJ0y0A73gfFC8B9wZEWLvE315Y/ha5BQ6btZAFD8zdBv8cECGAdAPpjVykSFQ9DSDY27g9fkcJzSU1ujXwsXilaZ5XwXwHPK80mcQxRWNC6xzGdTdsACNPbqO1X1xPxCOXLI6wKkXmNhyOWWcgAsNPsnSfNY6kijZx6lm26bAkUSPiaAwL+K8nHofUQFaQA/BYgb+RLfXF453sxmRPeQF+GeHynmSyRGJmbSEN2AvU+8E7A99N73ZWNTwdxASRGNmOqMgAj9DDy/Qhh8KwsPlJp0YZRTdm4nAHmy0eVBeJZH52aZSUfRvohHcMVEYI7AHvQJMIVgVIokAiAIA7LXrve9k3v3vAPxTx0WKrBmII4VH4kwR5SpC3RpSqnbewfS9wcb/AA3iMUo1cxmbSElSV2jKnZkZVIABbVYalsFa9MZ5J82b1SVAT4sKRZhWy0xfcuCTqKOD7IfqwsDZrrpZ6D0ngOe+95aKZD7Y8w38pGzD1638seefaFk3jZZTGvMJK6hdsFWxrUKFuqpgbrsQNp/s88RRRJLHM7JctoArMBqFHUUBC7gGzQ3w3KtWNNdBUNptHqqQhR1JxFoF2bPzOMGDxbky1fe4j8XA/c404+LwtWmSJr6VIpv6YxuzQWpJV7Yp5nSx36el46mzkdWXjXt7Q6/E44EakWGBB7jcYiKY0fDEcjqoHUA3f1w83BIqY2bPTfp/nhhGo/McN93s7McFbB0rsUJODbbMCfTFGbIlev8AeMEUWX2snf544lhobgHvglNgPEga+6ntjgwYIUy5bogGL2XySIN1s+/fB6wPBsDuThuVgnzeXBNaQB7hiv8AcRglIB4jAEeH0Y3f6PGODkhiaivCZi6Dg1aLREEHQBV/cDGXw/hwLAnou/xPbGjETqYnYdfkB/phWSVj8MNO5zlBqeUnoGAB/lG/0wG/aWQuTVmNfi2P5jqU/tf0wcZJNII7Xt/jjzP7ZsyirlY31FOYSypuxsMF277/ALXiYn5xkltQK+CeLwQs/OlVNQJFt/FsLFgHT2O+FgIENCijFjubAsn1G5/jwsaXuxXgxPU5susGUkYCdJjIS+uNwqqHkdSG0Abh13vsK9k4n4Pm8uM5HKFmaR1dSSPw94lhAplAYERRjqd+uM7hXEmlizEMmrk8ukFWEljl3RWA6EqxAJGzDaumLn8xJl4svAkgSWNSx0OdRA0vRXZtI0ykWADrqtrwLV7dRgace4BmcvFM8Uglyb6WEZ1GSFdQdQl7FR07UO3U4AHlVmIagpAbUbCgr1BNWu12a9ce3CQ5nIJy2Cc6GgxF0rCmWvUL5b9d8eOZ3IaHaNjZRmU72Oulvkff7sHjbnFxYmSUJKRDn8yiFoZJk1IaCIXKqexuvNtW9k4pHiMQ/PGxFDSdenSDQsyV22raq264G5QVZlPUEg9NyD19+IJX6+8YzLGbW+oXtxxaFT0NhWuQ7Vsao6d6FdvhvjrK8ekvUk1BfNYlVXB9kHfSZPeovY4CVYVibLst7uq7fm10d/4VbBeGkDqPU8t9p2YChWljavzaQAfjadfoP78asHjyVyix5mMluoEaA2OwDKAfmR/jjx0Kignmo/uAl3926KB9cWYkjYD8SFbG4PO26XflI+hrrV4GWPsRNHt2X8dUAGZZCSRa6R7PtfmokU3demEfG2pTuiMSVT8xJDaTYsVR2+m+PGQoQbZmKhvSvIR8K0VjXyHFYkoGRCQD5v5mYkC2FWWYnb09BhUoSrZhrQelS+OoItSSO2uMeYMWO5odiR1YdCf22hXxflZDSyK0nWgshqttm6HetxgBObymYYtJNpJ2YHlqKY6zvr38wHQ9sXcn4eyhdWjna720sCDflAvS23X/AGcKajFbt2Hz5BzF4gg0EkKDt0V2677lNlHT69u8n/xAiBQNLk1dOxHTsKJP07dbxiRcDLDQ7yEdTuR7+oAs9P8Ae2K/EPCUcjEvG51bsTIwvsLOnar/ALutbAnvvZbo0uLeJSSyJEvQhWUHc3tpYGiT6f8ATGXw3iUk8nKjmZJCSAj8zoB1LKCAO24Hb1wPeI8hksqlJE7SsaC8+UKNtmY7X/KN+u4xJwvgE0QqXmJIOsQnlRFFBlGtWbS2++o+X0vGqEXotJ/QU2nKrPc8hliipGWNBep3Zj3JPvP+GLeZKqoGq7IAF9T6e/GfwTikEyIFnSRlAUnmIzEgCz5T3PrjTkgBIOkWAdJ9NXWvpgeu4sq52YiMMpNNpo101Ght+3zx5D9t0t5iGMflKjoDtpc3Xy/bHrebkCLT0oADb+yNBDX8BWPBPtL4umYz8jRNqQFNL0a9jTtdCr1e43Yw7Ct7BkDaJbXfwPLT06Fen6v2wsQyt5vK4N9/IB3NeX/e+Fh5A88PZCVwNBcxElWK2tutXeg8xrJOwat6rFOCbXmGyzQARKPYQBWZ3BuxqQACpFPe69cEXiHJTZWGU5VJYwX5moujEGz5fLI16mIv19MVeGQCaZc2kMjMUX2NAUnyvuGZRbEBjZPtH4YD1IHnhOaPkpl2ieNSaU6xSuFGmnEjFWYagBf5Ttvvh+L/AAlOW1xhZK/TSyke9fZfubGn+XA9wrjOZyozTKWMsSh1ElOL2WQkFwKWpOjEXVX39G8G+KFz2WVmA+8qo5qLtR7OAd9B+dEkdsDcsb1IppSVM8izWU5lKuWjdtVkt5SD+n9X7dMVc5wPLxHQaHlotpRmUNsWK723SjYroNySfS/HXBNaiRIiWN85K8zBgKIA2at7A381+uPGcxkHgcBTYkLIB+Y3Wkaet3Xzr1wyOOE/Mgdco+U7HCYTmiql3ywIGsUHspqNKdPexXpjWyPhjIyOEOYnjLMQupVF+g8obetrxFwxSisHQhwfMKpgboqQd1IAX37nFLnu0gc7D8o/h6Af+I7k+gHrhr4eLjtJi/Glq5Kgwn+zbLbASOKqzq32FGwQRv16Df3bYc/Z5ltJClie1k+p61Vg/I7YGITw0LZ+/wCqhtqiAv11XZ7X8MR5WfJ6dTvnA1t5Y3Wq/Juw29+5PTHH0Z/3v6fydLVj/b9wjk+zKOzpnYfEqe++wHSr79fXHa/ZvEv9qx6WCE6+7/K+/wA8YUD5MkXnc5Htvd+pq2Cnt3rGfLm0BZVlkkAYkFnsHqAwqu3UEXucWo53tr+wLljX6fuGi+BIQvtKfX8OPcaelk7Ue/U7b+pL4T8N5HLRu7ovMFjmhaaNDpDODZoqSh19gw7BseRwcVkGtEkkKnroJA072WG/Qd/dv1x7n4S4Uw4VlGFCUK0i6idLCcsxV9rplYX1o0d6othjyR3nK0KnOLVRQRRZkFuVIRrAXoK1XfnUehrb0NjtixJl0rcAjodvXbHkvHPGH3aRAFZBGoVEIGvLureZev4kJGmqu9IoihfofBuOR5mASRsCSLoGxV2a9R1F/EYbODjuLjJMvyZQANvS/vf5vjtWAXxJk8vBJzDCq815HlIuyuWjk0E7+07qygj/AIigeuDcZi5HoWFSML73csT+wjPyx5942yRzXEBGNRWGB2Yiq5hi/DBPYWH+YrbEhzpkeytHHG8mQ0TBlOUzDxoC45h0SeUSBgQaLVsDsvfeh6NkIYspAqqqrQFqg0hmVQCQt7Xt3PzxmZPLQNw3Kc8aUVIH61TLpKe/2q2+WLRzQAkWVhoVeYjk1cQsuCf4QCLxJb7ETfU8u+1XxNPz3gR1ESBQ67B3Y+1uTZFnoB7z2x5pk5vNzHpjqBIJ6gbVv27fLGx424mMzmpJlXSp372aHtEHueuMkgrGigUrb2a8xGx6DUBeobk/KsaEqVFLuMsgJ9qz+ar/AL6wsdMGcai1gD+M7WBsCSepAwsWWFzyZpUdObKqowAZ3YxiNpbRm3oqU519qjI7YtQNNFDmYI5HjfLyEgI7ABL1Amj5r2T4DGmfC0KqebLOSxFrzo72sU1AKbBO3813Zw2d8LSDQ8RLOAB5lYcwL7JYEe31Jfykkk1ubzw4zFJ1YTwTSsyUzaTZq+ivHyJDZsJJl1KvfXU1uSe9nvjH4RnVjnTMGV45FOxU7UB7NDsSPN/Dq+B4myHEECyQQz8slSmkMwO3loL1FHp8OgAGLWd4FKIFj0oruTLI0gICA1Gseog6CZeadOwJIxp1RfIW49z0fJfavlxETNE3MUGiukox6DckaT60D3rsMefZ3iGczmZXPmMPpdXiKBGVdDDSCl6qU6dVjYlbO4wMZbh9N5qtGph06Gjv64LJc8ctlYli87PPzipsWmWo9tt2IGw3rvgJRWOmlzLxtSdNg3LxNgX2LtJvd112O+/+zh4ZNbqCQLYEkdAAR+w229BipMbY7ggGrAoUvlFA79h139bO+NDg2W1SIumyzAafUX029140JvTbEzjHVsbuR8P5RtIfPAFhYH4QYgbfmY10PXt88dxeG8hrKtxECjVjlg9OgG4bfqbqsWJOHQqxUo3rohB2/mK3Zr1Y0exrGnluHP1EBez/AGpeq7g8ySmPSqA3J60a4ut/uf2OlpXYyMv4W4ezuDmyUX8wKgk9RVRkMOxIO5obY6fIcMASPmMSCRbK1ltzbuEWlHSgBdDr3JIOGMVX+pw6tBAZwvLA1bAruT5auh69brFufIOgDVBER7TLGtCluhqZdNdQSDgXk7yf1X4Io+iPPeORQpEWRYLkNAJEVdFS9VWSKJA9CbG2230CkmiICSgI4xrobDQg1UPQV0x4l4rVsxnstlm0sA0akR/9/IA2/rp0749SzucvJE/quH4kPoYm+thWON2n+lD13+v8GRy88jybxdn/AL1yJVS1nXTpsl1k10ydN9JZPiGUjtibw9wZ4su8ajNK8lnmKAsYoVSqZUchrG9AtQroMVfCeVMubkQqHjjLOUJb/tAdKsO2qrG5APlskquPQeZGx0h9bIRYOkhSRWwVLN9Cb2A69bXxWdwkoRDwYk1qYD5HxpOmVkXNSlip0ELKiz2WptKaAbUAguCCB0PpqcJ44y57MZcBFFEeySmnlq2lgGWtBGkUdyzdbwKeJOGn+l3jNU8yOarSUfS7EeorV9Mc+EM60nEleyOdI+qq1VKSwC31a9NAb7Y06dUbj2sC62fej2HL5aXNIwzMitGq1ojjaMA0CuxYkFQDVGqYH0OPPfGHE81JHKhmsRS6DH+GpaPTzELadJYKxYaQvod2Fk4/pkZeHkrGARGshDNR0zMxSzuLOl1q9iUGB3wbwl5zm3my8WYjeZHid0BQ6hvpJB8unQLF9D78ZYzlG5PoaJQjpo8mgjkzDBI45JGO7BFJah16A0BtudumC0eA+JT0xhjhCoAoeRfZBN+yWogkk6tOL/gRFHEc668uFWWXlLXk5ZzOm0ugQCgHb0FY9LVmVRq5SkmgNLdfeSSNtx/jiuI4mUJVFA48aaPHpPBHEoxQiRhYorPAQSLurcHofQ9vTCx7Bns3ywC8jx2OqBdLD3Ah6A7dO2Fha42fZfcLwUZ0kuYjWgJZJA1M7QyBTRsCzqsDVQonvvivmuKZhUfRFpJHtatYTuL9nUSvp0A3vvTTxalFnZQXRhardhVBHpqby9Pf2xQz/H8oMuUErO72S9IxUIToB2o0f1X1IvCYqucWMZo5bPyIoAm0oH0RgECtX4iLq1DVauo00bsCtsX+FTl5ZZmaMwzMYxuPMkH4aHfqCbPSiGOBTh/E2MEswANxBVYDYTFzCoHpQMbdPZU9O82Z4/yguWiAEa6AAK1nT0aup3F/T1GNGRODuK3b/t/IuK1Kn0MfxzwL7rn+VEgVJwpiVaAtgFKgdqYj3b42fDXhyPO5+fLknl5bLJEGUgNzNSlnFggb8y9vTGgM+ZYDLmowJckSYmoioyrKSb6bqRW49g9gcY32J8YEeedZCAcxHI1k761Ik/u5n7e/GlZHP2X3f4X9xGjTfqQ+MfCSwZkxRkkiKHQAo85FxuzMKCkBELHuze8kZXhjLls3Eqn8zEsG2pVJJsA2KHpv7rvB39pEa/ecrJK5jidHjelJ0oyCVU/iYmM7X1YXQOPPYM0RKzxgKabSoJoeQ6QW21dKJ77/AAw/U3ifyFaf6iPTFyhFFOWNYI9pggYUbPluxdLVdqAJJxS4nkIY4i6SRLKdJbW5JZ1JYKW2Yr0oE7DA5wbjKx5hUeMBymgyULXYXuNtNgHoKPWxvjf4px2BSEWmb9ekUt3vXQn/ABxw5qcJJczpxSaOckmbbLhSI1De0qWxppC21AqAQ2oWp2Y3tjaznD9OXAMYLJWliL02dIpYmW26Ei76dew/N4pmcARpvahRZAOrYFr2G9b/ABxxnuJTUUGZQxkEsSAD5bGlRvqFhge+xwTUm91RRp+H8tl8tnTNKza5Ei5Bl1ag5cq6nV0YqRQJsKknobg8V8WMGVzEaAEx5tynoFnAdW+XMcV6nA1xXxGcxldM7oyKaUorKNJ2QkEAagB2A64yvDmUk4g02vMaUSNEkYrqd0M3NQDcAtqU+ZjsPXHTxvTG8nQxThcvL1CP7NoI9Lyycwys5YVYjZEGktIeh87OKPUg1ZGDKTNbuk5jMVqELDVRAsAqSN7Iog9SLra24Z/VcoscXNOhdvLpP5rNqL6gkgn/AEyMtwVcwHkzaOrK1gq0Y1RkGg+lQaDFm+hs9MYMk4TyObZphBxjRB49yCALmixRoYnjpl/EBlUhQw1G9JckDbr3vYM8LhZc/G+VjPLiYSN7R0JGRbetHt6XRwS/aksUGSjjg2XmBSB01H8Q2O7DQLPvGAbwJxYw5xSSAswaN9jX4m4oD+ML8rxtwyksTa9hE4pyVnrGc4c33lwMur7lGXSuwjzDNFXZU3bYgA6FqypGJPFPF5sshq9IRiavyiJCbsrQ36f7GNNc8EzDahoaU2usFd+Yy1RFk+g70T8cj7RpFaJYGsHMTRQ6gtUjyCR969FN/DcYyZleVJ8h0X5bB7IcLXL5fKyOUtIwroCS3LlsyWD1UE6yAOoresa0vDstl5CXSGMeXVqCjcAMCgVNTV0Hx36Vi7nsvCkTMijRJZYe1qWXqAWY0Bv5VFV8cDfDsjGwV81mQ8pZ7Ekh0o4YKpUWCDszC7AvqOpC9S1NhJVsgkjOox7x0oPmTWmkkClC1VFaO5HSwPRYpcYzUWXDvGgZHbU6rLGCWNLq/EY7bAdO2FgI4ZSVpBOaXU8dmzDEad6Buv4uhIxxrN2d/l7sEy+BuIUpECODv5J4W3bp7L79sOfCb5cGXiFZeID2CUM8rD8kUYJO+wLtSrd79D2NjJZZ4fBeRjyykCeaRsysdHzBRykUA7M5CuwXuGFC6vDGbzMTGw6NuGBjodbIKla63Z6mzZNm6/Ec40rsxAFUdKm0RBSooHoo0gYIPD3GeJzZmDLJnMxbOE9snShPmbzXYC2d/TAySLi2a3iWZ4OEQLKxM2apzfUK7Wo934QTbsT78Uvs2iyUk8bSc1swkjFUEeuHlCIkyMFFnzALV1uPU4sfaVI+Y4roXcRVpBoAEAHvsdlXrtvvheG5OICcRKU3d5JGMMNjWxLkSFLskEVdXt0wnFKMYW+u/t/4HJNs3OP8dl4hGnNyjK8eYh0xyI0fNZpQNIdvKwKcwsaXSOxFkDXiPItkzl1WJo8zIJWlgX8SOGOSRljIKfnKgkgGtjsA1YPoImZUnzLszojhFpNHmUqWobFyp03Z71QJGMzMRSSoeROU6UxalCstkhT1vYk9774CPFx1NLkU8TALPZUx26PI7E7E5d0Wif8AiSMGJAPZD0+eMkcVYLpUaSVosGsklrJ3Hpa0P+pHxLw4cxM5+9WNTCjqk00xFbMaG2xNYucN8FQhJeYTK9AJpWgCSPMLan6gnetiPgyWbEkXGE2Bhzg/SSQbBYqe+wA0drxUnl+NnrfYdK/3WD2PwlGyAOAgRrACKXYEG1LK4JFizV17txiXLeBYAdTywgdQrFq99nmb/vi/HxR6keObPNKxr+G+Ky5d25buoZfMFBNhDYsDtufrg5n4Rl1NBuHsl1qRdbHsdlUgV3s4HcnwsRz8wvHobUoCxSNVmk8nLo6iKFfG8Txozi1QKg0zY4RxuWSKjLmCmkLq5AJIDE7adzV7HoK9TirxXjUxiflTyKA9gmNhrMexBkBALEkUunqOuLCZnPlyvKL9CDpUOoI3K6yN/iOoxfi4bxAxrRliOo9JItPQ2SNyDdfv8s1Ri7dfb8D7bVIxoODSZ7LwQ86KNojJLM8r7M850rRW9RCRLfSrGBTifDZMrIFcqT1DRtsaPUNWx9+C3M8HzkchUZyNC29PM6knfdgECk0f97Yzsz4VnBDPmcuQWAJEjmvyi2ZK711/00wyruqEyh6DZfNxPIZGhYuTqZzmms9iToQA/tv9McZwRvNHpYERqSzEzP5ibUWWFV7WxHvvBDw/wAJRbvI7WRYlBHlJBFlDtWk2P1DrjaHhDJ5MCeTWihj+ZmYBlNqOWorobbtWxAOFPLjUtm7C0tgAvB2rWqEqxqyvUkgDdj6n/fTDcQyjvpdaDMi2CwFshEZssQBQ5ZN+pwQ8a4hlUYJllZdbILYzBREbGkq0lsaa9xQo0ehHc+VjyWZjlMqzRCTUwiQWqsCCyo1ilKhiN7oe8hmumVTaBnJ8AlmBZ5YRR9kzxa9++kNsLwseiv43y8yGKNc1IjUTy40RbUnfUSv06bih6PgHll1VE0ojj4EGRp5FTUWJBm5Z0qKBCmiQRuOp3vc98vL8CQpKWky8sjUQ3LjITsbYAlx8RXz6aMxlMADqMyxFlEaNVQbhvMCTpoodz0BxXjygysMQklghR11lG9vUbZQK8v6etjr1vGSM2rt9dv8AeY9pdiDhuXMZIL5eQjQKWGNa863e2wC6xRF7g72cb/BM88csswSKJVACsXTYsaIJF9F26DfuRvgSUMjCRPxFZb1DNkFmIo9vNR7bg+nXGvAcxy0UwRvanrIdtzsVYbkgXgssbVkiy3lWZM7NnGJbUuhV1MQAPadgVNdNIF9z1sY1PDufOZkaV1ql3QaTp1EUSTtqOnYbde/bLbKPKullRERRSq7FS5N6njUUQB+ontte4izDTZPLyLEqurPqpUUBiwPlAXSTQ3PXt7hhWhSfry9i26Rr+IOMBhy/xI7KAAxhmZZAzN5U1UNNDoPU3iPhUv45tiwlKRxk0CeXrDk1+UWBdbAdwcD+RnfVHqy8pbRpPnYoFlUBUZSCGJWrrcD0xsPwRebzeX+N5tDuXZVIOzBTspFKR0r++3GMFp/BXMEvFuXnhzB5JYKfZ8qtqJPmZdmOn30K2FY08hwTiMilAhA17eVkIUAm7/i8tnod+tY287ojGlpptTBxSKpMaAFtK6RS1eoE6iNtzjV4JmgBqH3k1WsvIxNqQCK2Ru5Neux64Z43lV186KcOxh5D7PsxoPPdBJsAXCsN9yWsk2BsNu301BwXL5ZQOZHzDv8AhxhS7fqrsNhf+HTGwvEIpWDGQIBZKgq1V5t2A8p6d/rilHxNJN8sNKii7NHq1Akj9QCt0O4I+I3wMpuTplK0WeGZSWJnnZ1kGjSEWMc0UNwZA2ki9ewUe16WcDPEIo8xmA8+UntTSpcdAG2GvWQt7AkKT7O3TBNDm20GppQ2osZDFHfSwFUOBpG9AKflWLfDJQ8Z1Mrkmi4jVGs31qwpsfC/livJB6vbYnmexjZzIQuUdskjEnUSyRtYat93FHbclSd9vfYyuZuJFWOLL37CoCVBoaSAIwB069rbY0KzOPZQRuJZM7mUL+VF8pBoEhV8h3JNmx86GNng8dHd3YAWdVb7Lp9lV7f9MDOcVC+haTsFeKeEJpU0ySL55QS5ZDoUa7UWwBckruPf84G+zNda6pSI9IUmMKrM1dx0BDUN7JPwvBPns/LC1CMGPfUARr30qpUswGxsm+1AWbI44jmg1aA0ZaqJNmwQxawaOw7dcXHiZuPlaKlj3FBDHBCqIQEC0QCumh5b29/U+vwxVjC5gSBySPMpG/R1MbKSOgs7H2hRNi8Z2cyjcmm1V5gdNbW2oDcixtZ7+YdKOMzN51Y43XWYmZVfUNVEDuCTWqgRfSyBZ2wMMNyck9wnLy0W5eAGXmMuXDkKQFsqd9TKRQ8zbHewtsaJrYg4Tw2SFVqCKJiQWjW2fVIALrWep/MSfedsee8H8QwpeuadgSaRo0J71vzDuNvy9/lgzynifKMh/qrFVZA34A1G9RG11XvOwvGjJjk9nde4EZVyNbNHOM55EOXVdgDJIVbYb7cs0Oldb3PwfFLL8UjlTX9xCBttU0aJQB2u+1AAfAfErCqxragvMzMYtJDJu0IFKDvbN38oNivfe3Y2cC/F5IJgEmzBkmjBAqI3oUgnzahYWiG3DEWdqxKkmYWNYTmyWffUzMUABBIFLqG2kEkgG9iarFf+nXibYxT69idZa1II3BBA29PU40Y8bTtf79UDKSZp5DheVj5fLRHZqIYO6+cAWpVmJYEURqYDUdxVY0c/lXllcpmZURXppOYoUOGB0ncHUSx2AIqt98UIuLLNoVcnO7RbAIBoXcsLojUe+4N71123Bw8SwMJBMoKlNEh1bs2+wPlS+nTp9Qm6dy/JaXYFs1xaFA39YdlAOyNHoNt82foDRvpvWDfw9nFECuSQWpm1VdkVV0Nth0A6HpgaHhHKghyFskaQZSBd9t99h0PXfGxn+FvMgQ6UUCiLZqIVSrA1sQNQ7iu+E59E4qKfzYzHcXbORNE8vbZi27H2gugtueoU1q/fqMPxHiihEEQXyhgSwjZQBVm9QGwG3QGxiDKcMEUoRpSfKbbqWAGlgLXy/I79cVs1lZJMwZIzo3oMBZAFkgaaKg6it32q/WoRjfPYkmQ5GYmmMsrkliWUIisGHQgjVQOncFwbujV4s8VzskEaKguqvUaUlh5gGrcahW3Tp1xd8McNYysiS9rZnVjJVrQB5mw1AdR391YoeI+HNkw/4uolmbTqKqaI/KvUbH6m+uGycHNRYC1JAM+YeZmLxsWYgsFYiwKrY2TRIAIFDb4Ex4LxKRY+UEMUdoVBdTIUIJqiwbb4HFOLgM8p0SZRlsatQmUAADoAVOws+U2BZ2G16fCvDiCMtQpeWLTQ3mGux6Ju19d7PU2MaMuhrT9hcbW4+VkYUFd2LEE25aiOu5AvcAWDfp6YM+EvoQbatb05HqA29dh6fL44o5KGkZ3TlreyVQWOgCR62LF/5Yw24xJFGzEa1LtuO+rrZ7UT8q94xzsqlluMR8UluwrkaNWLyBSQDpsCwCo1D33QP06YyM7xRVNx6dIvboAFBoV22/w+OBniHE81Mj6Y7CbsV7mwD09/f1wHZjik4pyfa1Ct9j3B9QVa/nisHASfxP2LnliuRt8d8QM8w02fU72QT5duxrr64KVzyqgZ/wAMsAfOfMuobXfUGgPNsR0x5onElNq0SSA35mDB999iDt3295+VrifiFJEZfuyJI2kl1c9VNDylf00Nj7+5x0Xwq0qKQjxt7YeRDUjNEwGr8xI9CasG73HX1xjKrDMU4sUwvrQomwp3ry2L2BYeowKcL4q4ag5slb38uylRd970AG/rjniOf1vJochfaqzR30hfdswHyxMeCSbTexcsiq0erZbLZgIrCKF4Ap1GkUhls0uug1Dp7PW7GFmfEcSuEZlVh7IZ10hjQAOk1fvvatseSZCG9kJ1t+nVdd9tu3e8E2S8ILIjO0tnYmgaF2O/XcE/TA5MUILzMkXKXQPctxgOTciMLNFWRk3o0ARr2BXrffc4WAvwvw9k1gE0CQoLGiTp1CrHTrfr88PjPkhBS6Bxuup3m+HxibUF30M25JGoMd6Jq9hjM8VINEbdyNz/AOX6dThYWNuPmhD5MxuCseaDdEb7bbgEjp1wYT8SlaOZS1imFUOiDy1ttX74fCxeZKy4PY3c9w+IRIoQabQ12sKWv42bvri3kp2YIGYkWg3JOxsHrh8LGCW/McVYYQTJd+1+puyX6+uLGdbTG6rQCDygAUK0gfH5+70wsLE6kG4HkkbMxMdRJ5t+d6OlXK7XWxVT8h6DFfjhtxIQC4JINDqr2PoawsLDn8S9wO4B8f8AE2bkzEytO+lGYKBQFHYghQA21je6s40fB/D4zNpK+V20sLbzLR2O++FhY1zVR2FLmGnGs48cMYRtIXkxigPYCgUf1fE2cZPHM66FEVqQLpC0Kq66Hr/qfXCwsYcO7V+o+WyMCDi80bh0kIPmToNOgANWkjSBYB6dh6Y0s1CuYyJlmUM/OG9V+Zh0FDoB/snCwsOyqpJrugY8md5jgOWEBcRANrqwSDXLuuvqBgf5CjLMa32PzAcd/cSPnhYWD4eTcd31BypJlHxJl1SNNA00dq6bs5O3xA+gxlcIFsQehRgfpfy3A3wsLGiPwi5fEEnh/LLrmFbIWC+osN369h9MFmQjCQsF2BI2s9pCR195P1wsLGHi3/g0YSDgyAs4O4G4v1Onf9gMLCwsYczeoej/2Q=='),
(3, 4, 'Season 3', 'data:image/jpeg;base64,/9j/4AAQSkZJRgABAQAAAQABAAD/2wCEAAkGBxMTEhUTExMWFhUXFxoaGBgXGRgYGBoYGBgXGhYYGBgYHSggGxonHxoXITEhJSkrLi4uGB8zODMtNygtLisBCgoKDg0OGhAQGy0lHyYyKzIvKy0vLzc1Ny8tLSs3LS8vNS0vLy0vLS4wLS0vLy0tLS0tLS8tLS0tLS0rLS0tLf/AABEIARMAtwMBIgACEQEDEQH/xAAcAAABBQEBAQAAAAAAAAAAAAAFAAMEBgcCAQj/xABJEAABAwMCAwUEBwYDBgQHAAABAgMRAAQhEjEFQVEGEyJhcTKBkaEHFEKxwdHwFSMzUuHxQ2JyFlNzkrKzNESU0yRUY4KTo8L/xAAaAQEAAgMBAAAAAAAAAAAAAAAAAwQCBQYB/8QANBEAAgECAwQJAwIHAAAAAAAAAAECAxEEEiETMUFhBVFxgaGxweHwIiOR0fEUM0NSY5Ky/9oADAMBAAIRAxEAPwCiWtq2ptTjjikBK0IGhAcJK0uKnK0QPAeu9PfV7f8A3rv/AKdPu/8AMR/eo6f/AAjpEYfZP/6rjHX4Vofafh3B7B5DL7d2pSmUuakLQUhKlLTHiUDPgOI6UBRk2tv/AL93/wDAn/36nL4MBIKn0qCVqAdt+7B7tBWRJdOYHQ7ijHbDsl9XuW2bUOPBxvvEpjU4BJkFKU5AiZjqDtTDrl0qBcBSUlh9TYLYbkfV1plICRiAIoCtlGPdURbIqxNcBulNlxNs8pA3UG1RjeMSfdUTh/A7i4nuGHHI3KUkgc4J2n30AEDVOBmrl2J7NNPXn1a8Q8hUGEiEQQCohYUNURBERQ5jgbpQpwNOdyCQHNCiiASJ1RG+PWgArTBivPqR6VoLvZ5AYtylNx3i5CtaDoJjHdwJPzkU3/s08ErJt3PDudJxgHaN4z6GgKgzws7xvUq34ZPLaj1pwd50Q02pcZ8IJjpJ5bVIPCHmoLiFImY1AgmInHvFABl8HgZFB7zhx5VablKzzMUKvrgNDUoSSQAnaT0/OgAH7OI5VwbU1Zm3MStBAPMeID1jI+FOqsQRIyD0oCsssmnVtxR4WAFQrxmJoAS4oVDeTUh5HxpnSaAiqRTak1LWimFigI5pV2pNKgCKlxZu/wDGa/7VzW2dt7/iTdw0mztkut9y2StTBchetyRqBwAAgx5+dYxY2ynrZxCdJV3zR0laEeEN3CSRrUJEkbdasbXEuLR/4p3/ANU3/wC5QGmItI4rYPrTouXrZwvoCioJUltPsyTAlSxjHh9aztPFnLq7Uq5cUpOl8RsEtltzUEx7Ij+9R7Ji9Dhe71Xe/wC8L7ZXEQRrK5iPOneGcKdC1EhOWnv8Ro5LS+i6AvXad9TPEGnWrJ54hCO4W06oNlMRoCUtkAbyJyDOxoVe2hFkp55D60vXbpFrbrSENL1rSdTiUKKjKIH2doHOgbSr5LfdIeUlv+RL6AkA8gAvA8him7QXrKChp0toVulD7aR8AvB8xQGgvMK/bturSqPq2SQeSXAZPMiUj3iq1xuyL1k25Zaw0yVIftpJUh2SVOqxK56nYRAHiAD/AFniAIP1hyUp0iLlAhOMfxPIfAVDav7lp1Z711DhJDhC1BRIMHUoHJBmgLq7cOfUeGKlervVQZVPtkJE7xpwPKrGu7d/awRqV3YEBMnTHdaiY29rn5Vmdvxa5hI+sPQmNI1rhMezAnlRa34ncFQX3zmrTpnWqYmYmducUBdW7EG2U3lAL6iCEKUDBiFBAkRyn+UU32gtw4QohXhQEyoaSqJzB9ab4RxWWgla3ELCiorSZ1z/ADSQZGB6CpHEuIhSQJOlMypZEmd5OwHvoDP+0fGmLZJQtQDhbUpCCDBInSFEeyCcSYrJuMB6EuvOJUXCqEhUqRpIzAwB099F/pUR/wDHqUFhaFoQUEEEAaYKZHmFH30A4Xw1b64zETJ6CBAn4UAW4J2jeRCFEKQcSVBJA6yfwE0ZVxjvU6m1K0pIEpSUaYzq1nEeUk8oNR+FdkyZCHAl0jwpWRB2J858x8KHdo7O4SruXSoFES3IjIlK0gQkg7z+MgAWu97R90tIfahtYlt1tYWhaREqG23Mb+uJJ3FkDnrQL6LeIpJXZOwtLgUUJUJhQH7xEHkUyY/ynrVpRw9TDyLfVqQ4FdyDlae706kE7qRChBOREGcUBVuJW/ONudDdNaXx7s4A3rSQY/pv86z69tiknpQEFSajrTUuKju0BHIpV2mlQDLaanMCozIqcyKAmMr8qJcLT4l/8F//ALLlQGW6KcLR4l/8F7/suUBZV9hFtlKXLu0QpQCglSyklJ2MEbT91B+P8BctHO7dCZI1JKTKSDiQcHlzq99tnbJLzX1lt5a+4RltSQnRqVggkGZn5V1xSyL91aOhsPsLZlto/uwlKQk/vSdUjxpPngR1AoBuWvq5a+roK9Kh3uNWVagfZnG28xjaveK2pNy8erzn/WavPErVpyyuVK+pqcaCVJNqmNEkwkq+1MER6+VccTZTbM96lttbjz7pKnEhYSkLVCUhWBMDPr5QBWeL8DXbBsqW2rvUlSS2SoRjmQJ3G1N2L8GrB21OtuyUEpTLAOlOEidOEjkPKqwzjFATO0nF1sWbzqDCgAEkAYKlBIOcc5rO+0naZ65s20OqUMkjJh3xKB1CMhOkQepNaHxPg/1u3Wzr06oIVEwUkESOmKp/aHsI1bIaLlwtWlPihBiNazCRJ0k6kwP8izucAUNt+cK8QkEZg45T0rS+ArU5ZFu3aSXWoI/lKSsd4oZkKAnUneRzEUOHZW2UtpGl9IcSlxDikjSW1bGAZHvPwqyWvZVLTn7hxXe2g1pSAAp1DqR3aXOUyhxCo3EERNAQ7PgNs1cq/eJuVE6t0kpODo1Akgj3b1ZuO8AbvlIWhSWillTS9bZXiQpMQoEKSZj/AFHfah/C+w6vrji1koaSoqQpJhSgTMARAGQJM5wPK9N2CEKWhIgmMz4lYhOVb58PLMVrsV0jCi8sVeXh+fYlhSct5lzH0b3rd429aKCGwlKkuub6g2EqKmznxHUTjAV5VbuFdn1MPG4urttdyoBCdQ7ttKMHQ2DuSRM8423mf+wXLhBWxdOIWCUrbcAU3qTuPDpWmcHJMTsYIql33GL22dNtcpUQR7Cz3zTiZ3RrGR6QRziqn8biJy0suS9/QnVCnuvqXxSSdSHIJJwUnUBg5VG2/PpVA7Q2ACyEHUBzjT64Pw93vqw9m7UPOw33bawnSUwrSpMhSSkkmVAwDO0jzNRe0aSfCRCsz7jB9czWzwtd1qeZkFans5ZSiXLBABiOX6+NQ3KM3yYBET5/lQZdWSIYIg0qdIpUByyiptuiorVTWKAIMIo3whiSrb+E7/2l0GYXijnC1qEKSSCJz5EEH5ffQFkuu2ZXBXaW7hAABWnUYHKTyyfjUb/bK579L2lEJSUBsAhGhUFQ3JkwnM/ZHLFQ3b12B4/kPypxq6cMePHon8qAn/t2WXWUWzLTbgyETM9SefLEYipT/F1I71hxpt1vvXFJS4D4SVqMgg7ST8Tmo7dy5tq+SfyqI+FKJmSSZPUzuTQHfGOOl9DaVNtjuxAKRBjaBmAnbAHKhbDWo1LTa9alsWsHFASrBqKj9s0gWbiykqKBIA3JggDHXaitu3iuuK8NS/butLVoStBGvA09FZxgwaAp/Yni750JuEa0BZCVlTSwhQSSUQg6k7SJxuOdaG7Cl/ZJ0+Ix4snwQemF49K+deG8VuWLsNt6X3ArSgJyCpWBEetbTwJq+Y1m5PfrXB0pDbTTfUJUZUvfmI8PKq2IxdLD22jtckhTlPRE9Tx7h1XMrQgDoEkKx99TEAhaQVFSTIBOYnA8vjUC9t5sSobpc1/BQSflUuwGtCDO4B35iuWqZsyfH4/UupKwz2ZvQeJXbW2pllxSeQcCnUOR6+H4Ue47wJm7bLTyJEyk7KSrkpJ5H+xkVXFM9zxhD32bi3CJ/wAyFK1f9SPjV2UK20EpRs+FvIgno00ZRxbhTtksbwfZcH2ozHkcTFCLniJKtUyZPtcwcZGfWK2R5hu4aU06mUmUqHMEcweR5g1j/a3s8uzcgkqQqShfUcweihifUHnWywkobNKJDVcpSvIC3boM9ZoP9XK1BKElSlbACSaedXTSLhaFhxBhSTIMSJ/XKrRGRXWFoOlSSk9D8PwNKivaXjRunErKdOlATEyZ5mQBv6daVACUpqdaoptLVS2RQExlFE7cwMVEtcxRi2anyoCRZtaqL2nCjOciubG1AgyKsFqkYk0BBdsszGIpfVkxR7uxHWodw0N6ADuW2a6Ytz0qe218KfS2JoDhliKo/wBNNmVWKFBZGl5Pgn29QIiOZBgj31frl9LaSpWw5Dck7AedUXjjxubtvWkd3bpCwncd6sqCM/5QlRPnoqrXxUKV1xSvbl77kSQpuR79HPZNuxaS84kG6WnJOe7Sr7Kehjc778quzaoSXV5AOR0EpyR1yT7hVWTxQoSF6VKQkwYjfODnyMeldcc4kylsXVq8hLixo7lxf8XPs6FGdaSceorkfu4iq51Nb7uRfUFFWQY7O3Tb7K29WFAjIIMKnICoOxFO8FtHA33ZPjRqSrb2gokHP2VJiD/as+4e6sIlKjJUSFJMQB4REcsbbUb4V2meSoBxHenbvE+FUcgqBCvUirUoo8s+B52i4g606gQRod1ieYKQD/0j4itQt3gtCVpyFAEehEis++kO+Dlk0kIOt1aIKgJSlJK1GUk/yj/mqy9h7nVZtpO6Bp+G1WsLaNo34eX7sjq6xuE2yUvEclpB94wf15VD7aWKXrN4KElCStJ5hSBOPUSPQmpC3P3yP9J++pPEBLakxOpKhH/2nFTYOpa/b5/uRTRgP1Lx6SPXn54HWoNyyJwPj6mrlxEIUsqCInePw8vzNBLlnM4GeWM1visVxbde0XVb6uVKgG0N04G6koRXDpoCTaootamgtuTRW3coAzbukURsrgzFA2HhR3h6Rg0AZtn1f0qUgTvTNuBtRBLdARgzSWiBU1LdNOIigAPHV+BJ6En5ED76rLFsZUrmshSvLwpT8ISD7zVj7T3QaLaCJ1JWfhED40Dt3QpOgj2kpzz2E/ECuX6SnJVKvPIu61/NF+gvpj3hHgnD0utLIWQkmEwkQpOZOk7p6E1Ovuz7SmlJ0Z3B+1qSDozvjpTlk5oQIETAHu2FTLu6htSknIST6QDGPWtZCUdHx9yWUncplutptCQUJUCSdI1DmRI5cvvok4pamlKZQhChG41nTzImBIJG8jBoO/cJ0p8IJ0wdWw8Sz7I/1HM9KtHZpSS1JAJBInEweUj9RVmSVzxuyMz4nxdxaW0rWSpJXvAgK0QABgDBrQfo+u/CkR7SQJjBwYPr4VCqP2i4OQ+pxAJbUCpB5aTnl5mi/wBG97pdW2TggKHkQRJHqIq1eOVSjwEl9Ni+8QlJbUOSo+c0SvXyEpWORBxmRBxFD+ImUxgEKB+E16+ousEJUEqIgGNQB9JE8+dVoSy50nw8UR2va5T+0Nq0Vh1ky05JAGNKh7aCOUH7/Kq67b5q+3HCtTLkuEqSnXlJBJQk8yTOOcnlVQdbrpsFiNvSUnvKtaCjKyB31SKVSlzSq2RANL014CCaHJexUll8DNAEUJNPsvRTdknvOfPz+OKnW1iTmIH96Aat1q1TsOdWG24mnAFNWXC0zoJgHJ6z5T60/c8ISgeCdzk49PlQB+wuQNyJ9etGGH+fKqZYsOakkZg5qyZgDY0AXQ6DSWRvUFsgRJrh5+gAHbPSt+3APiDbuPLU1H/9UFsxARG4Sn46RUq+eCr1uEgnQoKPNIgkCfw86aZQe6THtBMeUjH4VynSVTNUn2rwzI2VFWiizqKSlMbAbc58/nXnEShNq4vmQUp5bmDUDhV0CkIWSFbmTqjbYx+s0u17Z+r6kqISBGn+acJ8551qqX83VGVuBWXG9aT4SuAJiJ5k5J9KK8FuVNMvE7aZSIIOqBg8ufWg7d+ptOsIKgD44Anbf4USun0FgEfaIVHIpyB8x8qt1HLdbQySu7EjhTwKEJI9nGeh/ufiK8seBBFyl5lQQQfEgjUhSSPENwUyD5xv5VD4De6llGxj3FI/Harfw5vMnrg+g5/rlWMc0Z6CoyVetYX6SPdkUNKiFNoIwZJMjGMDec5+FTuIXqQXEeLUlkLVCVEBJKgDIEEyk432rOu0PH3H9KrS4S2lQISDBK1JPLUCAMiDvmpo4GrWnaC7+BFGpGK1ZpxtdLbmcaFmPVJ5/reqG63mvexfbd24ZeafCQ834VCNJIIIKomJBGY/mG1PvpJ2roejqOxpuLVtSpWd2DXkUq9fEUq2BCZ4F1JZM4qJUq1B+f3UBbeEAJTI2IjHnyNGrADMEGOWT03igPD3UqQEkkRHWAOZif1NT+HOFBKj7M8vx60BaGbErGokyZ2kepora8P5E6us5qLwx9BGCc/Kf199SO+gwCfP7qA6XbRkbDam0OkmpSbgHE5gSB+dcjTyoDyaYuxj1qUv9fKh/F3tLalRMAmCYzGM5isZtqLaV31Hq3lfZJ+trEbIz6nTknryru3VCTtGpUnyCjNR+AcTD4fcCYOsJIO/hSMzsd5xQriaislkmEFyV8v3ca1D0KsH1NcTOMp1JRno9L+vmbVapWLV2aeS8SsIhBPhVzUB9oDp0PPyo/x+wL7HdtkJWCCJwMYPpiarPZq6QoeHA2E4Eco92eVTe0948xbuOJkyEpMZIClaZHnkZ855Vhhn990lHe0jCpp9XUUX/aO0YccZuHDhRSrQhShtpJBAgjB2p165aeZYbt1qdSgOeLSpMpKyUSFAEGNVVzhblsSp1SVKLbfenAiRJAj15+fKrF2CWpKA8tw+IHUBka1LUs45YNbrHYSnhqeeLd7+j5EdCrKctSV2YsVJfkggEEfKfvrQLZQxp25ctvx/rQpy5IWJQqDBSUlJkYgpzkekmiNohJ255HIgxsQTzGa1DnKTuyWRW+1XDu+HEiDpUm3T7/3Z8J+J61mhH1F5bSXG3G1EkfV3lOAOJSEhJc0oOSc+o6VtnZ5sLuuIakgplpMKAIMMt4IO4PMVXOD/AEZNNPrdeKXW5UpLahKAVKBJIVgjGxnfc11MMRChh4OXUig4OUmV/s4EeJ4Ff7zTCnVrcUUASPEsbSTsT+FGbq/SASDih3akBNytKBpTghIACRKAYAG3pUDUO7gxqVsJyMgmeuxFXYSU4qS46kbVnYecv5k+le0DunsRXlZHgHbM1NYVp/L48+VRmUTU+AANv6/qKAK8PXzJ39KPcPfAUMAgnYj51U2LlKc8qmNcV28thQF7uH0hIgwD5D3DHlXDV9uDP5R1qso4sFg4zECozTywqR8+n50BdGeIeKczz9MRUtq7kkg4PLy5VUReKBgj4UWtbodIJO48vPrQFkU9AEmDyqp/SG+fqpGogqUEynMA5JgbwATFF+8JxMxnPrXVw2lYUhQBSRBB5j9ZoCt9m1IbYWpAlpbn7rT4pQlttGqeeQr4UK4okLcIPMCfdv74xVlFsi2Y7poK0JKoEk+0SoyqCYkmqLxa5WlQXrGMwmfZ577z1rl6lNvGVLdfojZ0Wtmi1cCvtK4mJ25H3eXlV9Nsl9stuJPiSQYJA0ke0IFZVYI1LCgnUFp8JEAkRKdJCgqemeuM1fuyt2FtKKSQU+FxtQII/lIkyN+cg+6qFanknnj3kk1dGe8b7DXNmpIbuEr7xKh/CASQFeJKgoqkQr7qs/ZuxQ0gNbmJBPNUjb3TRftnltkqIwpST7WZAmNGQJFecCYRpBCfCQMEHTI+0hckaT0ms8Zjataks7I4QjBaE/gr2rVbutjREpkhUZ8QPOOfxqRb2/d4C9TcSgghREZGkg+JOTg+fvFv3Se9xDgEpKUaVoMxgwfUVAc7JLEqtC8xjUG3IW2VZ8MhWpIOMmYn3VDSlnjZ6Ps8z1rrCNjf3Dd5cJFmXWHghSng6gaZRonu1gSAUGQCTicyBRvgt5KBqUCATnoJJA+7eqf2W4m8A825qBhYWlZkoWmAc7xB+Qq08A4clKSvBnA2Mn1+G9WquJqSlCH9qsYbJRTfWAO3vDx3qXQAEuJjngojIjqmBnz91KubcpOIOOfn6TG9aH2uLiUMKdTzUFEZTqGUieUiT7jVNvmwoEjcgT1MTz95+Jrp8HJyoxbKM1aTK1dtmY35/Hb5V7Uh21AiOg+WKVWTAAMvRUnvUkZrpnhhVz++u3eGkCdh50AyNPWpDTaf5qhls+tS7e1XvED1FAELRsD7VF2G5jPSIoS0gISVKICRkk7AUrftAARoRIHNRg/ATHv+AoCwLZEzuM5qdYoO4TgHby5nzrns/dtPyBAUBlJGY21A7EfParVa2aU5A1Ag7fnMUAMaXJPLn+dF7PhoUJPw6ddvdQ25ZSlcpSUgdc777Y50VsHyPtY5Tj3UAL7S2wbSnodXmeWABuayLtW7Lvdp3xrJ9J07nYb58sVr3bFrUhpxSiNJUNAiCSnUCo9BonzrGHEag68dkhUea1yAPhJ91aSVPLi5zfLxRfpP7aQ/wziWhlnykyDkEKMR7q1my1LS3co0w4hJKgNx5mdxnl1rAuFsrcXoTkDJ8k8zPIbZrZuwnD7llAaDujUNXdOIKwN5KCSEkHcxO42qp0th4RSd9bvxJac2ywdpkgoZWBsVSM7wD+FAfr6HQgJVDjZOhRMIUpJBIOcHaJjlmjXaB9aGP3yQ4kLH8NJkgyI0THTmNqhcJQl1AdZsxo1bvFKc6U50CcZHn4dq1VrJStu4/ue8C1WfFAtElvSs+0BvI3/Odts0+0+5uUBCRGdUkg9U6Y+CqG2CX0ylaG0jGnu5I9DqMn4CihUo6dCUqX9oqKgkeYEGT8K8pzk5Wb5L4vbtIpJIqfF320XjyApCdaUqWSoDdCQfLKQPOrHwLiDRQIdSobYBwcY8+WazvtpdBN8rvAhzSlCVQCkfzYz0IH9qsnALJq4ZSWXlJKJBSDz3CtKhkfDM5qzKm4SU4r87vAkdnBJlr4+2l22dSM41DHNJCvwrNHbUVeLF51lWl6Vo+y4kY9FDcfreqrfnS6tG8KMRtE+H3RFb3ovFbVSg96KVanldwDdW+0UqJOujnSrbEBXLannAVYOR+uU0cXwaPs/KuP2SeVAAU8Nk4FSUcEO9Hbbhzk7fOp7NgsnCfnQGc9pUaVoZnAT3iviQgfJR9wqBZWZAMA4yaPdrbQovVg7920R6eMfeDQtwncKyTkDHpWMm+B6gl2Yuyzcsr5BYn/SowufcT8q3v9mJyNp6V86W+VJHVSR8VAVvdp2ibUQC4iTyJAOT0NZHhxf8CKgevX86GuWqmwQrfcY5CZ/Cre3dA/Oh/HEhSEwBOrciQAQZNAUntA+V2roCZUU6UxvqJ0/ic9JrJO0CwjRbIMpQCVkbKcKevMDAFaxxJmEKEgY9NukDcYPwrG22y44BzJ+8iqFeFq2d7reOpaoy+mxZ/oy4UFvqJGFMqaV0IWCIPuHyq69k78wGy6pWkYSoIhPKUmNRHvx0ih30bW+jvlxhCgke4KCvkoU0+yW3VFCoKVq09IkwCOkVpcb9+EnfdJpf6xZYja9uX6lq7XurDDfd6fEokqVtA5RzOaE8F4vcobKQhtwAkwJCiY2EYJx0p7jHEUuWQdyUpWJT9pKjgpBG4Mj41F4ZYtP+xcOp56DCFDykCDWvstn9S07P0MlusW3hPF0PQIW2sjxIWgj/AJVxB9PlRi4eS02pR9lKSogb4Ex61UmuBOpUC1cKVG6XDq+YNWW0C3EfvMQClQyQR1lQSdsbfnWVLLmvFX+a7yOa5mQ8dWFOKdXBKjqOY3JwMH0Fd8Hv2mVpWzdaCSJQ4hY+JAKZ9DRbi3DPGjVgOeGSJAVjH4/GoTHZ1xKyElBkHC5EgggHUAYPwrYVoxpN0pvd4r8EkZZkpI0Tg/HC8gFWgg7FKiCYJBhJAPLahPaG1anvGnAZOlaQZKTGPdCTv0oHwNl5hJacbKm5MaFFS0Y/ypyMzkDfej148O477SVrTCXCoFO0AKVvBPhGScHfBrLo+eXEaNNPS/L5YhrxWW4Acs/KlVlsrUOICgkAncTMHpI8s++lXSlEguuqzCVT6zFeIuTGUEHyzVjS0k9KbdYSOVABbVbhPsAj3z86nrcS2grXDaEiVFRhIA5lWwFTWTAxWXfSZxBy5uDbJVDTGnUOSnVAKk9dKSmPNRoD36QOJWrwbuWH0KW0ChxMkFTajIKNXtFKpMDko1Sl8Q1CUmanOW4AM5EZHlVU4hbltwpBOk5HoaALIvFyMkaTBKTBKiNgeUDn50b4cykwdIzn49aH2LIDaBjYE+pyfmaOWrBMpG4G33VjKSjvPUrlq7N8cXbkJUSpk7pOSkdUE5EdK05qyCwkzqG6TJIgjGfSsQtrkjcAVr30c3/eWgSd2llHugKT8AqPdWR4CPpEtkW9m47JCz4BmZUs7mfLUZ8qyLh1mUNrfUIEaUepxPzPwrafpVt+9tmmxzdBPolKp++sj7R3OooYb9lKgPVWwHumtRi6jlW2a7+z3LlBWhcv/Ym3izBH+IpSvcTH3D50P4+zD6gBkxA6khNWfgLSW2WUz4UoSmeuIk9D+dAe0KFJvEL3YOlOpO6VQImepiPWtTRnnwk5f5H/AMkn9Xu9SBYtIcbUEFRKm9RT0VEjHWUjA601wa1Q433jSzqByk+FUgAmAdz5f2oxY2IZeXg6dOCNhBO/TlVas+JJ74nSrxLKoEBPPbBM5NV6d55su7QllpY065YbUUrMJPgM7A4JPlOUmfWpNnaFoaQrUD/lOrPVQMREchig/BXkKSPayYGuJB3IwBijQbCT7OoRJwIx5869Td7pEL6gdxGxYdbUy44lO2QZKFD2VGNoPWAdudUK0vVouCy5oK0LACpwoTplJmCIgweU+dOWfCrqFH6uolZnUdUjykTjNBO1nDlJcbSslLwAJM6YnIAJOOZ3rpcfQhUjmloyDDzadkaM4y6QUo0pwTnwneJmMjz5cwK8YZV3byFBKVONnZSVAqAOlWgEwZjnB6UF4XxG9Q0hbgQ+2ICwklL6ByXIhLgiJEA+lFrdxsOhSFLMwZkxnkJHpv6VzTexakrdxds5JoonCO3j6WxphKlAHSlKAnYAGFJVGAKVDuIfVmHVtKu9BSpSdKWo2OBqnp1r2uzTUldGqNmSKaddSMqIA6kgVQbztcY/iJzy0kj5qANAbntIsk+LHkkR8DP3V6DV2r5uSAqY3wY+MRWNceuD9euzGod+o+7SnT8op5PagzlSifPSPhCZoJxC+Sp4qwO8AJ8RV4kgDn1AHwNAS7txYSEmBjlneq7xjdsnlPwkVMuLrSQORP5UK4pcalQNgI/OvIqyBYLJsFCTPKPeKINgFOSdU7kk+7eq1wbiOnwq2P39aOh6edGrgntQOdaT9HN5oZcnm5j3JSMVkYuoKiYgbf1ov2e7WH+DpCEjZSjkqn+U7zNeg0n6Q+LANIEgE6o+Q/Gs34Pa63gUjUGwVkehESP1tT1+8XElTq5EymFAwOcgCByjJO8xgVP7KMaZfSVAlaUg8tICiqeW5AIODWhx0lCU5dnki9QV4oujl4hDSVKUQhQTpKcYIkRjnTK71rvNKvEh1uCDBhSSd48j8qDdtrfvLFoIhWl1J/dqAA8DgOSCQkTsc7VWOFWy2yC2kpXvClKVqGxBhGlIycmocFhtt0fKEd+Z/lWPKk8ta7NHv3k90sk40H7qzvh63FE6GCqCfEYA57SI50Z4txDXaJMlJUoJUBmIP3RB91OdiuJDxIUBB/mjSRtBnlkR76pYWk6VOTtfUmm7sJcB420mW7ohrmF6m1QZkAhHiHPcEelWu84t3Vop5C0LSB4VJIIJUrSOcc/Kg/E7HRJ+oBwR4V25bUrP8yF6dQ/0k0DTxNhxt5tQWzoHeaFo7pRKTEKGABEGTgxU9Ffci7cVez5kc9Ysaf7Y3GYg43zA6HYT6elVHtLdLeWFu7kb+Q25DlRPiHEmwYSVTGw1KTpGdROqCdvPE0B4zbFxvvETABz4hIwZyTODvP5V0taGZFOnKzLX2UuUqa7m6AKEk6H0qT4ZxpWAZgxgjoJGJooln6uQWXkPIjYKAKemSSPu5YrPuzPH12Do1jWy6kJeRjKeRTP2hJxzEjoRpzfDLJSU3DI7xB9kJWSFHYQZkKBGx2zIrm8bT2crtfS+rd7P51myoyTKpxh5sPuKW0iVHXqAbQSFCRKlHJGx8waVPdt8OIQEpSpLfihIKACRoQRvIgmf/qeQryugwc89CEmraGuqxyzaRl/1xZ86SnXCN8e6fzrhCfjTuiIET5D8qskZw1bLUcmB1J5CvEWud/kfxqYoaRJO/Iic4PWpPD7N25cS0xKlqUYAGlISBJUpRMJQMknYAUBFDR2KzXP7MTuVwDscZ9B0q4tcQtbdtbSWRdWwUhF3cR+8U44F92bYn+GlOhemcLg6oChQbj9ophSCFJdt3fEw+2kBLiRggg5S4nZSDkHygkAdbcOYKgNbhPOE/ceYqRccLShYT3pIJEAgz74P3VFt7zxqUokA+859AJNIXyRmVKPQhMZ8ooCY1bpJBKgQBIjWCcxAiSTjbzqReJaZGuNQIx1mMYVufu6UAvLrWI/AD5iohRQBdfH1FOjQNPrkCZOw/Qq38I7TsIbShcHfdUDMYMegis5SmkU1Ur4OnVVn26E0K0oGm8d4oLq1CWClJLo1REKKUkBBKccwfcKrPDw+tSQXklKD4kySQlO8iN8nfahdjfJaSkZJkkxsAfdM7U/d9pHFNLaSISv2vnOPfvWdHDRo09nHn4mM6jlLMy22t208hbAVLhIVM+EACD75PyrqysF276EXJUltf8NxMlCiYwdoPz92apHZie/EKCcGZEhQ/lI6flWtWV5bOtG2c9gnBBJ0GAQUyfCQZjlv1rUYuH8O8q1T3/PQs05Z9WEbDhT1u6h23dK2XBpUBGocwQk4VB5DJ250x25ReC2WtfcLIUkJISQdCjBUpWCBOjCetT+zryrZRtnSFIWICjseivz/AKVL7RPpetLkJJUO4cjTvhJ0xOxkD31rI1stenLfqvxclnB5WZI4l1K0g6UlQ9tYUE6dvCpeN4wJPka9tmB3mkr1FROA2rSDt7WAMCZBIzTx4NEH6yVPq1JUpcaUo306SrMnEbeE7TFPfVBpEOIc0g4AGk6jzSFev5V2RrQVxKz1TAAPXY0U7D8ZWzqb1gQoKhUaSMZI5HzGdpmhlw64CVFACTJ0yPD/AMpOPea9tEhUkyFACNJBEHeRA+c1qakLwcJbi5GWqaNB43wRm8SlaypKiJKk4J56TO6ciCIxGYxSoDZuupSE6oA5ESQDyE4A9BypVUp1K1OOWMtPnIzlGMndoy7vT1PxNeJWetcVO4Nwt25dSyynUtXuAAypSicJSBkk4FdCUDvhPDHrl1LLKdS1eYAAGVKUdkpAySdhRri/FG2GlWVkrWFQLi4A8T6h/ht8wwDsN1nJ5ClxfijVu0qzslakqxcXAwXyPsI5ptwdh9s5PIUD4Ldd1cMu6SoNutrKRudK0nSPMxFAfSfYrsRb2/Dhb3SW3O/KdRKY1jWpxlKgeYKj7yR0rH+0FoeE3Ttjcp76yfJc7sK8aEFxxDLzSj7L6Up9FDwqxtbO2PFuK3F33FqoBlxxLrTxhDaWwlst69eWnGyFlQMKJ2TtVb+mq+RdX6QyCotNJbWuFALXJPhCtkAEQdiVGJ3IFO7Q8EVbKQpKw9bujUw+kQlxI3BB9hxOykHKT5EEihVg4DxQMhdu+nvrR0jvWgoBSVjAeZUcJeT8FDwqwcLjXZosKSQsOMOSWXhhKwDkFO6HE7KQcpI6QSAEbA5gH4/nXbzwUZ0j3YqQLGBjxZyZ2+X6mpDNkiJIiMbnzyaADhyvU+k0bt22gqdAI3knHWYAqaeLMyYZTO3LQOpPMmgKqtcnNIAdatVzxRpII7tKzyPs7TsUkQM++oF/xzWABbtJIG5Go+uwHxmgJPZSybIW4pQ1gwkHEAjKo5zJHuNWfgjruoIVCmwDqkSRAMaT7xWblSpmTPWpKOKPiIdWI2hRHynaqGIwkqrbvv6+HYTwqqKtY3zg94spJCwRPlG3yNTuJnvLZ1CQPYVI3kaSDAGZrAuH9qrtlUodJHNJyhX+pO3v3qyN/SKVIcQ6wQFIKQW3CDJ2nGRO/wBxrUT6KrwmnHVEyrwktdBx3hoR4paaEZhKZMjPiWsefKoNzxJlBEOeEbhCs+WADPxqpKdKskn1kk/E033XnXTFIlt8UWlS48aVEmFSfQz1ip/DuOhvJTqkgxz9OdBUNyYFSEspT7WainRhLejJTa3FovO22tISlEZO8fCBv8qVVklCScTSrCOFpRVspk6snxIalHE5jby91W7slcIdtnrBCgxcPKBS6SAl8D/yriz/AAwTlJEJJwrkap4NKrBGWvslwxs3LrN2zlCdOhzvUJDpeaQA6tpKltJOpSQqI1FE4NT+LcIaas0aUAXTly+0lKlrKx3TqEBKEoT3Kj4iCVRvImvOCcaXd6W/rCrfiCU6GLlKy336MRbvrBHjwAhw7wEq5EVt3it6zqt1P3DehyVNFxxIS6lQVqKJjWFAGd5ANAaJcdlLdm/XbqS6tCm2QwFKdSguLd7hep1sKKFKUhwt6vBKhOBQU8IYHDu8KF9+Gg6Vlav/AJ82vd6QdMaRM7zzjFGfo84UzdNJCeI36LjunS6tlSm7e2TqKkpeWsDVrOpfhVBIVtvWZ/td/uu575zuZ1d1rV3WrfV3c6ZnMxQF/wDpD7P29kUFg+Fx65AJJPhYLKCk9ClZfSTuYBphZ+qWTrT8Fd0kKbtj/gn7F2uctuRISkQVA+KUwKhpcVZNouLxSnrtWpy3t3VFaWi4QpVy+lR9tRAUEHKiApXKqfd3S3nFOOLUtayVKUoySTuTQBLvYTGob5JI5+lR3rsQADPXpQ4iugg7xQExN2I8/vpgv+UVz3JiTHxrxKaAS3SdzNea6kpRONKQdsCdt/umue5E5Pl/agGCryr0CaeKUZE+n9a9Q2g/aPpG/of1v8QGC2fKvUNmn4xKRMcuefyrkrxsBvz/ACxQHekCZ28q6W4kAaajKA8vj/WmiugHtedkjzz869UDuf1+oqP3h61zNAOaSaVNg0qAU0pryvQKASkkVb7S5RxNCWH1BF6gBLD6jAfAwlh9R2XyQ4fJKuRqoqXJzXusdKA1XsT2isOGgKcRdM3TSXG7q3AUpu4Xs2Val6UafFggZUffXrCxRYpFw+2lV2sa2LciUspOUvvpPPbQ2d8E4pu17ZtlCXLhgPXjICWHlHwkDCTcI/xVNx4DznxTAqrXd4t1anHVlbi1FSlKySo7kmgJl5eKWsrWS46s6lKVlSlK33zP6FcqcVthPUSDzz4RUdD3y50245tsD889aAd7sHdWem23T9cqQZ6n3T+PWmg5y/X63rzXzoB9SYzO87np/empM5/X9Kac5HNJDnxoBxdwc02So/fXqI/vXJ3250B7o9PypFNcqNITQHlIV6fdXvdHpQHNeU4Wjjb0pBhR5bz8qA50GJ/XupJT5084wUxkfrNepciOfpQHiWIyfypU732THun+lKgIcVzSpUAqVKlQCpUqVAOpVimzSpUB5XoNKlQCBpGlSoDpo5jrXeojPP8AtSpUB6B935VwT+vhSpUA7pE089giPKvKVAdRTJUZmaVKgH7g/ux5qA+RpnuxE+R6+VKlQEbVSpUqA//Z');
INSERT INTO `season` (`id`, `media_id`, `title`, `picture`) VALUES
(4, 6, 'Saison 1', 'data:image/jpeg;base64,/9j/4AAQSkZJRgABAQAAAQABAAD/2wCEAAkGBxMTEhUTExMVFRUXGRsYGRgYGR0aHRoaHRoXGhoYFxgdHSggGCAlHR0YITEhJSkrLi4uGh8zODMtNygtLisBCgoKDg0OFQ8PFSsdFR0tKy0tKy0tKy0tLSsrLS0rLS0rKy0rLS0rLSs3LS0tLS0rLTctKysrLSsrLS0rKy0rK//AABEIAREAuAMBIgACEQEDEQH/xAAbAAACAwEBAQAAAAAAAAAAAAAEBQIDBgABB//EAEYQAAIBAgQDBgQDBgQDBwUBAAECEQADBBIhMQVBUQYTImFxgTKRobHB0fAUIzNCUvFicoLhFRZDJDRTkqKy0iVjk8LyB//EABcBAQEBAQAAAAAAAAAAAAAAAAABAgP/xAAZEQEBAQEBAQAAAAAAAAAAAAAAEQECITH/2gAMAwEAAhEDEQA/AIcR7YYnvQ9nF3I1nVsvIxlZY06wSZ3oC9xq9cdme87MYnUgHQfy6CPKKS4W4GzL5/X9farcA+pzdI+Uism6f2+OKVRJuBlBWBOWYPi35zr71WjA6yeu1AJgCboZIEofISOZ8oOp8qaK+UwozCYBbUxyPQfKotqi3iDbzydog+WhnyOw+1Rw3F7x2uuo10BIA+W9U45GcsXBHhhIAjMCTELoPWkTW7ufINZA9B6/KqjSYntDctiRfuE6SMxPrGtB/wDM9/fvbmU7EkzXuC4Km7anfX8BUeLYQKvlypFXP2mxDj+Kxg8oBHyHrXmKxTK7kORJGYDrpJB5e2nyrM4e+wJiZB+nUEadPnVd68xO8bA+dEpmvG3S5PeMee+/r6VqMF2gLBSzsS0aZj0G3TnWTwGBV1ht2BP5a12GOVtZ8BMD0nbWg+kjEOIKu3zqoX3U5lYhhsQYPseVQwi+BR5CpulFceKXHGW5cdjuMzE/Q86obEuPhdx6MR+NCYzTxbEb1TxbHi1bzmOUedAx/wCJXv8Axr3/AORvzqB7Q30IPf3jHLvGM+RrItxm60kKCp6QB67yfpQtq4SSS6sRoVOsex2oja4/tGbtzMXYZo0JBjSOXL1oe5dJ5n51k3usDlRCTuSdR8yPwprgr+22uh129qi04a+SokkkE7k7aRz9fnUTcPp6E/nULRmpxVRMYhpkknrqZ+9dVRrqDI4KzLsOhMf7UTh8OzXG0JGuYgaLt4mOyjzOlR4cbalizOSGmMoEidRmzE7+VX4i/rAgW23CjnvDNux9fpQObTnKirBkSx8hBgeU/Mx0FXghtvSfPpQHDbvwDfQgfPT6UTdRicgInoT5zp5xQUY65BCsYflyWD+NDWrRNw6yTGp56f7VdjHLpzlWjqZG4IpHb4hctEM4JXUHltpQaYMQOlCcQ+EtI/Op4HiFm8sq8j11HrVOIwkyJnpRSeyCNSOe/wCP96rxkbkLr7GfQQPpRDObbZbmxgT77frzoexbF25l1Y7j0+flREM5WPFovi067D21FMbVtbjaj4mX8JpSym2/dspDfOQTyPMU67P2gb4kwBrHKdAPv9KDcFY9NtKg8DcnWvMViYOVVLN0G3ueVKziHNzJnHUhfhXyLczQXcQwmdWAM6H1n161i+NYwuyod7Y+sRJHWttds5QWtlupO4J/XSvm3E0e5daOZMn1Mz9aC3D48WxO+vz8h+uZqVzFC8QjLCLr4Tz89NahhsGuXKFlwCW9TpPyGg8zVeCDTK2iROuaFBPzn7UDnDOO6hAdN9YjoRPLlVZJXK2niMciT6xQ+EVrjxbtG31M6ekzr8q0ScJ2zN7D86Avh23y/Gi2WgsH4bhTccvTcflTEigHIrqmwrygy/crFw5ZhiZ6dJ61WzaL8h6xufPlRHesqtlXMDqYB5Dnp5VXbK5em20HXTeDpr/agM4QApDNz59OVW3sUe+IOuUj5ddN6hhHyg84I0PQ6RVF0w2YAGPcEetAZZsqcxDZSQRqOfX7Cib3D1a2FYDSg+H28wiIyqTI5np9KpwuLvF2tvcUKR8EQ0Ebz09qDsPwPWB4RuCNGHvTrC4MKoDNnjmQB9qR4TGXbchpYAkZvTrTjB4oPRQPHcAHAyiWnb2oT/hhtqmgZjqVBgnXbz9K0bgChP8AiAAyiGJJEREGdyaDK8fCi8EGmVT7As7fiKM4Hhc63bjEiGQAjmZ1n6aedI+NX2GJZiNhr+HpW24HgMuEXPMkd4w6knN8wKIOxuNKgrb8XoIjyzDSvOG4VCwLEMYnLyHtz9TR7sAhAHhI5b0Dg3BYBYAy6GeuhFA4vMCNK+bY3hhd7hVyuVmVCAIMRqx5DYc9q21zEZSToco3HP2rNvb1vCDBaddNSBI09J+dBksBnLFCWBkyOU9T1p1YsFmUO5I8zt5VQlgJdBJ305bxzj3pquB7xTBiga4MqugAjypguXeNKx97gTA5gzg9QQAfkKb4XBu1kBXacxBM6x0mim1hB3jN/hA+pn8KJZedLuE4dbMrmJY7k7n160wuXRREGFdUO8BNdRWUxOJaCCZU6R0jy5VCzb8LQNjOn2oq7aGgifT9dJqxsskjQGIH4URaCG1GgbWen6NU27atc8GgjNB8oJFXWYAZJC9CdgNxvQK4lBqCSQOWmkjSaI0vB7Zy95A8T+QAB+L5VmuJ2bBuw1uYAAYFgRGm4PWpW+P3AFVUUAE7yx/AD5cqAt8ZZbpZ9Z02Eb/aimuDBTMpOZTqpO/ofOr8LdCnSgLvHbc6QaGbFlyYDaCYVSTHyoNO+MzaASa5LQAJjU0r4bi9BAPrT/BobmkacydqBDicAQt+7lDDIFIOsy6gaeXiPtWga6HtArqGWBG22w6Uwx2BDYe5bjdGHnMGD84rBYa865SpIzRpOnvyoNXm0CzugJPtXlhUZiwI0gabA6z86VWcc500IiOmnpXpxoRDCtPlt9/WimN0SwAO5qniTW7a5rjAJm15zA6bk+QpBi+0WQ/DqNpPPz/vS/BYS5ikuXLhzOwIUnlzgdBP2ojrzBrhIYsCZUnpypjZdreoNL79jKqsg+Hl9x60WMQGQEUDLimNbuA0EiRIB166VPgvEw9klVYEGSDy1119KAuqzQoL/wCUAa+mhonCEJlH7wagEORqT5AUFzXCWYmTqIij2vyB1FD2LgBYjUTEeeteuZHy+9Ber7E11C3Gg5duldQUJa/mPI6D6/agMXfObKDlCxMdY+kUzTEZkLaBFJ0Gh5zJ9KQM5JJaZJ+4O1BYVnc/nUxZFTtJp0FeYW8cxVhBkx5+/wAqqKjbgGBPX6/7UpvKOms1oXWgHwsnXnQX8I4UGzsADER67n71p+EW0zLIAPWpdnsBFkaamT9ZqrGnu5YDWCR68h86Kt4rdtFmCIsroWEgZv5pgwY2jeZpvwTGLcSMoVl3UbeTDyPn/ucB2cSC4LlvEQ2muhiZ5/2p1grrretuswDBkQSraH20n/SvSoNXxa7ls3WG4Ro9cpr59ZgKPf8AKtv2gf8A7M/oPeWArGog9qCVomJFcUMHWrE20P66fahsTfMgUEThVfcA+1MeFqqDJoo+lD4dYq2+IHLpy56UFHEwgukKymRLKCJU7SRyB0/RpdbwZ3Ux5VTx5MjpdTR5jyIgmD1HL3ry7xJOaOOmwHLciZjqAfSgaYLiNxWRPCWJyrr9+gApVxXi9xsT4goCSBHPWC30Hyojszj1/aSty3DOpFt5zeeUHaCOnMUT2p4SsrdWczEAz0AJgDlQWYbiwEhh4pmRt8qOw93OWM6afflWc3g/raiLLxz2oHuKYGT0ArqWDFGddRp+BrqC+7ItExC3ANREEj7aRS8mY03Ir3EXZUKGnLsPXp9q8R4K+5+351UFudKoyrmDRJHyFeFpcjlE/Xei7SQKDy4+o29qswtos4A5kD6j7a1S51pt2as5rs/0gn3On2moNXZtBQANqRdpcQirB6SfQCacY7FraQu5AA61hMSLmJuZyvhnnoAvmpILH5fjRU+EcHN64GhranxDUgt5vOoEmAvuZrb4XhqII/v033oTs3hgLWbctz/wgafrzpuaBP2pb9xH9TKPrP4VmFH5RT7tXe1tp6t+A/8A2pEhoIXbuXQAkn9b8qqfTVonQCPejHPvS7xM5kaKfY7UBFk+evWrLxEjy8R1iOlVWzBJ5b/7UJbuFmYRMmT6chPKNz5mghxi3ntl40ER1AnX3qeAwnf5UUMAwMsRqAIk+pkfOrb7Ej/Dz8/TyrSdncNltho1ueL/AE7L9Nf9VBleN9m2sBcRbJYo4bKBAABBnz212rXYi2rqJEqPF66aCjXM6VHuQBHKIjpQfN7DeGOh/OrUFcLWV3U8mI+tctEXtz/XKuqpzpXUEVuAmdpM/OriP3hjaB+NCrppNW2zGszJqi5W8ceR+hopDpSm9iSGUxqZq8YhjptUBpfWnfCsetm0zEFmYgCPIaSTtqTWaw1wloylhzC7+3nTu2MsllXLyOvPbSesfKivWW5dfvL2rbqh1RB1gc/c1XhovXhYU+GZuMTM+Qmd+lD4vFM7ZUJBnQg6EyRlGUbT567da0nCOGraSN2OrHqTqaDQ20gQNByr16tt8Py2jcV5GRSFP9ZZQw6hQGB9WHnQ2Ovi0HLKz5CoITTxM5SBmWTBB5QdBO8BmuMYe691m7tsoBymN1VM5I9ASaGbhV2YyTrlgMp1gNybkCDPnT7Ao7LZHfXQScOG+AjJed1yopTwwLY3JDayN5qweCuHEi2l5v4Hfi4AsMzu1q1l02ZVtkjcDNQIH4ffjw2yxOWIIMBvhLa6CBzilmGvakGtTg0d+7K3rid4mFtnRR4b1+9YYfBJhVkTrM67QHgOAW3uHxNaWMOVz3UeRdutbMOiwW8MBYBzaGgQ4q5lWJ1PlP0ry3eFtczeEa6czPpufSmuLwVpUtuWclmYMBcSVRb1xJS2bRk5UkEtEtsQK94hwezYulFY3GUDNcbmT4vCI0EFfcHyoFT4vPANpwh57H2raLdUnKhBAHI7D8NqX8O4KLtvPnAJa8AJ1OSyrplBH9RhvLatTb4QEFnMxytbYtsIKoXGsGAVK8j/ADUAdvCNAIUwefLQa6+VePhHgnLpE7j8+kGOmtOP2fKLg7xotlso8JGltifCV8erMOQgzVGKH8mcmbZZvhP/AEg+2QEchMkwNxQfMePWO7xN1SIMho9VBoFU51p+NcNt3Tcu53N6QSsqAEm0ucIVm6PEQcrAqckggzUrnZq0bjoj3Fhb4XvCpm7axCWFkhVhXLDSPCf5jFEZNtSa8ori1kWr922CSEd0BO/hJGvn6RXUDSx2MxTqLi91DAN8cESJ2jTpQt7gF63ct2Wyd5cjLDSNWI1MabdKa9jLX/fZj+A2gEa+LSknZRMt+xsIddJE/KjRre7G38sQjMDOj6+mo6UswXC7l26bCqBc8WjGBpvJitbc4HnxbXlvopVxcIBlxGUwQDpMR6HnQHBuII/EmdZkzrHRco22mJ/tUpCPhth+8Fq3k7wkr+8OUArrmkSYMGNOQ9TfhuG38ViDh0y+BnV80R4SZhtSTvG2lFdlbT/8QVoMZ7mkBs3guQB9SaZ9jXJ4tejQTiJEf/c3j1n60pBPCuyN8OGbu8q/AucmInXUf3qS4hG1zRNJ8fwEWRduJisOxEtlDgs2p8IHWkycYI3X+8ax71cH0fC4S46yGEERqx1A1iPUDTypP2lxOItMoFy4pIMursCR/TmBmPLbahu0fEO6weAcDW4raRzhKs4zmPDsLdLSxuN8v3gj00HyqDrXZ/GNZtOt0C2IuWx3jDKTqGVdlbXca60nxnBbyNbtG5BcrlyuYGViVB00AZmIjYlo3NbDiPD1vYLA5r1m0Vtf9QgZpW3MdYjX1FZTGYYW3KB0f/EpkGRyNM03Btrsjj3QAXUyA5gpvNAbfMoiAZ5760mt4LE3cU9hbpa8urk3WPwMADm3JDEET7U9xeU8LNuBJvD8KA7CYMWb7xBm02p/zJpSgz/lTHJbYNdQ2h4infMVMSxOSAJnWetA4Sxcvscss0SzNJjlJJpNiuz5w6Zlv2TGoCwSduZIB33ptwO837HfZmLageECYIUEeEnTWgN4hwi/ZQPnBQTqjkgFhlJI03EDzGhrR8Pwl68iXA4hlDfERusa+xI9DWHXFNkKgnKdSs6EjSSOZrZ//wCf/CR0VwP/ADA/jTaJ4yzctsFLSx2hj0y/Yx6VJbd7Oqd4wZfh8Z002HTTShrWhEDp86svYpluh2UgiDHtt8qDC8bxeIu4q5hzcuQ7qvd5yVLSAGcTlJmCTy06UanC8ZevvZN0vdVIYtdYjJKNkzHUiSpy7SJptcwP/wBVN8r+7Fs3iY02yk/c+1Udh8Sb2MvPsXtO3pL24HsPtSkLMb2QxYDu7WidWY94STzJMjU11B4/sylqzmXF4W5lywiOCxkhfD85rqqGnY3HW0/au8uIuewQssNT4tPXahOzFq2t6y9wgKGUljsADqfIeZrNcRYIe6G5MtHIbgGNuoX0J5AX28QxGbXJsBB16k+Q19aQrYni9qzxNrodTad8mYHQhgBOnQ5T0ih8BjLNjGswZXwyknMrFhDAkBYBkrMHX+X0BzNnEKT4CPmRGu+u/TTfSpugGvKSqAcyOZneJ36nlFIVteH4PC2cUMWcZaYJmy21guJBWCASQQCZ0k+VUdnboXFveJChzcbWNM7Zon3rPYCxGjfPz/WlPbNkikKLPZ3DsSTi7Qnkf/61pDfwIiY/W1O1tA7ih8ZYKggzHI9KC3iTWL+GwdtsVatvYUgqYJBIA18QjQfWheP8Usi1Zwtq4bndmWfYFiCfD7sevLU60hv8EYCVJM666n50rvBlOu9IVu7z2r+Hw6tiEtm2sQddwu+o6Usx9hbRULeS6DJJXSPI6nrWZTFUVbxPnSFam3ftnBkZ17zvPgnWOsdKn2fvILjF2CAoRJPOV0rKYa9DnX50cXI15frekKevwqyFJ/arZMHSN4HrzqPCrtnurtm64tZ4IY7TpoenL1k86TM+1QuqGUg6+XlSKNx9q1ZT+N3tw6hEM6A6nXYxJifan/YHHqGcZhEZgZiQSAflp86xGJslrcScyHwnnpsZ9KedjSXbORELry1JH5E0Rqra6rPUfhrUuKNLmCD5jUbb1xNUtr6VFA9oeLouEdBcHfMBbKc8h3PplkT1NJuweNS1iLhuuqL3LKWYwBLpGtCdqwBeUgasp19NB+vMVnrh3pEp+ezuGQZhxTDMyeILl1YrqFH7zmRHvXVmkSWUHYkA/Ouqwq7A4Rnc7856nmf70Vfw6kk6FhoOgiAInf206Go3cUQICnJvoYJ5kkxz6DT71TbLscoG8DXUjc7xPOaoOt2zl8KL6ZZOmoEkmNddaIwmZySIKpEBgBJHMbc5OnWlmEusoaCR6c2+EfKWPsa1nDsBlARxl845nz50FuBVbpykBG6HY/5T+FNbGGNv4hI60Nc4Rp4DmHQ/r0qzD8QuW/DcUsvX+Yf/ACH1qBqLCFdBQXEiCMp1gHf2phhyjeJGH66jlXmJwoZT1g0Ca5YgR0H2FBcX7PYe4C03hlQMSGSEm1du5nlPhlFTlq++wrStYBFY7tRgoP1mgpu9jra6f9pdu8yELkHdp3uIRb1yU+EpbtnlJckSCBUcN2Xt/tf7Oty5dU2O9m3o2b9pNj+a38Kr4j4dwYMUms4Fe8QOBkLLmMwMsjNry0p5d4PgC3x2gS1nwC6SoAufvxnzHRrTL/NoVYDnFBOE7HWs9vvMQYZdWVlEXDesrbT4X1a1etsFMSeaqZDHAcBsubQN1oe2js/hhbjNhwbJ00aLs6/1pvBlM3C+GxKm2CblqA10qvdMuFN4x3hKMpa8ApY7XNTlUVDE4PhqhTaNppuW803srd2SmYSbyhSJYE5W2Pw/EAbXuz6ZSV76e474H+QtkVyCxtZVAk/zEHQFlOlc/Z4d+yqzqvclxnhSzElLakFVykvHhg6bFtCU3He4t2nKC2WFxSvjJ7y2Vnwr3rEKDoTqJ+G4dqOw1rh8us2VTvWUfvTtntqkS58BTOxfYEbgaVA2Ts1aJBz3GDATlK+H+EpL+HZczE7aBTIqrszhO7sgnd/EfTl9Nfc1VhuF4V8gVUZFnvWFwkh1tIcqAPDKXLGdROkxWnS3ZGTLBBiZMGMo38YjWZHluKAI66VF9dOVMLS2pIMfGADmIGUyZ3mBlif8dV4u3bCtlImBoGnxeAmBOogtr9aKw/bTdD0zD55Y+30rJhq+odruG4NkbNdVDkJTxH4xnadCR8Ay+IgS40BgHLY/CYIW8SV/ZxcUnuAl9nDJLQzHOfGU1CzBaBzymoTcCti5iLaNBDNBnTkee9e1LsqQMTbYkCGUecsYEV5XLu3xviT0RgWL6lZMzoNdRJgetXWsPy08ztqdt9zH2oCzdYMQF1BiIOnkR+tqsTFXZiFHr4TG0STXVhVgLjLiBGsPmg+UmY9Jr6LYuKyhx4kbcc1rFYG2RiUuMyBZykGZIK5SNum0mtph1CNmRgbegMch18jQXjCka2z7Gp27s+FxB8x9qipg5rbKw3KAj5jpRAuBxIjzBG1QQbAqdV8B6r+PWoG4y6XNOjjb/UOVEW2bmB7VaH5UEMKxKjUHTl8t6RdrMNKFun4a07wVuFgQILD/ANRiquLWs1siKD56hka0Hfs6yNqOURI84qpm196IWOtBvbg07ayP1+FAYy3EkbUBeEuO6Iq2Dcy7aSJ9DyI3H41ZhLOHuXCO7a2ArO3iMBVBLSNWnlAjWmHZ0oIAUltwSwEDksD+baSaGfh12zdD3yq98LizoygsNSwiMoZgSDOk0VenaC0ALdoPk1AGQD65596t/wCP3VJ0UgkBd9ATGulZ5ME9t9XsjXcXLZ030AOn0qeOxOaVVSSNJGoNBpsT2gupCkJtMhidJ56DXSg8T2kuhivgEetIzhLzgkrv5gfTlXYzB3CxYLvHMA7dCaIsxOKe4Xa4wJI0iNBB0A6UqmiQhB8YI/GqGWqGXAMKzXLbBZAuL9GUmup92PH7tDG1zU9dR/aurHTfLL28QZMltzuT+c0zwdkFZG9A8TtBLziQwzGGEww3kH3+9GYL4R862zqXEU2RQWYzAGuwM+tdgrhtmUdkMnYxMH6+lSS+C5Datsh5gnf229PnJ13CrljJl/xKT9qIlhb128zEXCCsAHKOc/0x0OtGXXvojObgIEGRMjUDUEaiCflSrs6xW443AIOvXkDH+qtFxHPdTKuUBiQyyBpBgD3g+1RVuE4/p+8Vx55T9wYpjh+LWrg0eeR0OnuJFYdsVkJVpUgkGDMH123osXptBsxJzZh0jxDedB4f1NBqxxZEVizqBmMEmOQ6+9BY3tNZC/Gus6TWcbFhtWyMepLT94oW/fGQCFgbCJ05R7R8qDhiQ5Zl2JNRBobhIDBh5z8/KizppNERd46UBjW8DGi3PzqnHW4SBpqKCnB8Vu25IUGeZUnmOhA/GmeL4xcxOQMgREM85JIjcn8qDwinrReQ9VPrpQeMF0PMEfUx+NEmhb6eE6DTXQzsQaJIoqSjzry4B/UfpVeWederY9ftRA+NthkIjUagxGvr6Ujc6VoyNeVZ68kMR0JFBtuxyjurXm5/95H4V1H8Bs5O6UQSB9YJJ+5rq59766csBiozNlnKpMTvE6fSKY4cgW/SqA6FPiBzTI2KmY1058qjhQ7iAoVCYnWY8uvrXVjTOwiqYyZmgGevWJ6GibDK+qE5huCT9RVT2piPiXY/rrU7mHFyGXwN5cj59aiBruGvW2ZrcEMZKn7f2IqzD9o2U/vEIIj4dj6z+vKrLGPZTluf+aOXQ0cLSPrAPnQL8Liszvc1QMxgEevP3q3BsVZwHaDDQGIEktOlE5CPDt0oNrZ7xt/hGw829KCWKwneas1yf8xoU8ORR8M/5tfvRMHnHzry5dHUfegT8PtkF16GPvFH9z0qlCBdM/zLPuP9vtTFNRt+vX2opeUI5VRjW0BiaZXVoDHjwzHP8aDzCnlB+dHZT0P0oXCHSmedQBA9zrRAeIXwtvsenSrhVd5tDXtptB6Cgs9zUd+vvXFqiz0FbRypfZwmfEhdx8R5aAT96Yu1ASe9ld8oH1NBqeGgW7qtlYgHUZjqNiB00mvaS2bjyNTNdU3mtZsZ3DDUTsSPlr+RrRW3002r3Ddn1/qaQx5DQ7GKaLwFY+NvkK0gBGqYU7pz3HWmVrgqj+dj6gVbb4CkyHceQjX5g1AtCLcEMNaEKvYMrLJz8q1KcIT+p/p+VEHg9ojUvPqI/wDbQILV5biyP7UODFyJnwn7j57mndrs3bVpDuPIZfyqxuAqWDZ20BGw5x+VAmZQeVD3rWlaYcEX+tvePyr1+AoR8bfIUGFukhlbo0fPT8aPtuZ5afWn93snaM/vLkf6Z+1E2+z9v+th6x+C0GZuLNA8Q+GPL71sj2fT+tvkKpu9l7bAjvG+n5UGKwz0et2tFZ7JWxtcb5D8qNxPZOxClbtzUa6rIPT4dOdCMXiGgHaqrL6VrL/ZK2QR31z/ANJ+sVQnZK2P+rc94/KhGe7ypZ60f/LNuP4jT6D8qgezdv8A8R/p+VCM4xmqMupOtateztuf4jgdTH/xoa92eSdLjeoA1+YoQiw9zxoJPxL9xXU8sdnkDD94wMg6gdfSvKm6Zj2x4c+3xg7jnHLcc96ZBqTFtWB0Pg+eb+1NlFUEIavttQyLV6UBCNVwbSh0FXKKCddNeCuy0Fk0Zw26oY5oAIiSJI1BlfCddOY11GlCKKLwLquZmJnI6gRMlkZd+UEigJtYpALWohR4hGsw2vwa8tZPpV9vFWe8zaAZp+HkbJGsKdc+8DfUCK79stA2yoP7tGTUaNNsgEjoXJkf4q8GMt5yQWCg2yoiT4bbJl9dQJoKXvobd1SyyWlYBJbVdJNsaQDr4SDOhmpWMcgNpSohYLNGs5WEDw8yRO+wq21i7QFgazaIJMb5hLxz0aBVB4gAzldM1tQu5yuAqnUyZANyG86Cd/E2yt0KVBYqRpGndgEHwETMz8InWrb+KsA/CFOcM3h0I7t1002nKfVj0oHDXlFm4haCxUgZf6Z/m+wruKYsNcUq2dV2LST8RPjLbk+WnKiiFxSA2jvltmVgzm7qBvbgeLnLDnVWLxVs27oQqC1xmGhEoRbyx4D0b+ZYM7zReJ40mcspLHu2WSXEs11XicwYACdjptrzov8AGbbWyCv7xrbKWA08TlygHSYM+ooj59xvGd3irRLMFABIBP8AU3LnSq9jWPfMrvBcFdTsS0elPuJcOZ8RbuAKUUANJ8ydue9Lr3BbhN2AsM8qJ5S3y3FFD2cayNNu41wZdc0gSdNidYMV4bjFhNx85g+WuoG/SOVGpwq47A3coGWPD7x9ftVZ4ddBiVI2zc4+U0BfD8SbiAneY9/1FdVmFsd2FUdd+pmuqaFmKJzKRzgH5g04Vp060ruN4beok5dtaY21bYo3yNVFiEgRv6/gfzomzcB2+X4GgmuMvInpOke9R78yWKlCBqdYYD2oGuZdquQn1oe1luJI1B+lSQxtJH1FAUjTUvWhg/I7jaKmmIEgN4T9D+XpQWI0NHWr5oTGtBRp/nA+en40XFBMGvZrxRXsUHhaoNUyK8igjUDU2qBoIGq2FTJrivnQVZJqBaOhqdx9IHX9frzoZ6CNx53qhzVjVU9BFD4hG8iPnXVG0xDqRuGEfOurPTWFdriTkjM7aEjc+HbT05UcTK+E6gyPYfbcUss4cN3gB13Hrzq/h7hs06aA+4GsfStMjE4kAANGUkiN/PQbjfcUauV1iQs7bkEefPrO+n1S4rDFXUjbITMRqum+xgZR96vw4AEMCp2nz/38qAy0+Rn0jKYZZ0I6gfqaPtSB4Tp5/rWlQzMxcQYSJInPl3j2IHyry1xAKGMGANAd/SgY3tYbQlT1jTp5TUnxqnLrInUkgERyI3neJpLa4zcu7fuwJH968/Z1mS0k+8/WgbYnEowABDag6dRrtVy8TIGsHlSRL1seGR0B8/yoa/i2lhoeh5wKDZYTGq8DY9DRdszWJ4bxAzJ0P0661rsHfDTB50BTDSqX0E1dVbUFKXga9YUJdGVsw25/lV1w6T5ig9Ne6QecRHvMnz2rxDqaldHL3Pv/ALRQCuapuGiGXzH1/Kq8oncbHr09KAcmoMKtKeY+v5V4VA5j6/lQdgLf7xZ8/sYrqvwlgFhOx6dN9Ty2/XPqx39b5ZjB/wARvX8arT+I3+V/u1dXVtzNsR8Nv/I/3Spt/EX1r2uoqWJ3t/5npB2g+Nf11ryuoLbH8Nfb7mr8R/Db9dK6uoAf5z/mP41O7y9TXV1BLAfzejfY1qOCfw19fxFdXUDxPwP2qArq6gExf8N6ld+Fa8rqKv4f/EPqPwpha/7y3q1eV1TV5Nn+H9eVKrm/+lvs1dXVz5dOvim3z9T+FWL8beg+611dTTE7vwn2rq6urDtj/9k=');

-- --------------------------------------------------------

--
-- Table structure for table `user`
--

CREATE TABLE `user` (
  `id` int(11) NOT NULL,
  `email` varchar(254) NOT NULL,
  `password` varchar(80) NOT NULL,
  `key_verif` varchar(255) DEFAULT NULL,
  `active` tinyint(1) NOT NULL
) ENGINE=InnoDB DEFAULT CHARSET=latin1;

--
-- Dumping data for table `user`
--

INSERT INTO `user` (`id`, `email`, `password`, `key_verif`, `active`) VALUES
(34, 'coding@gmail.com', '4bdfa997e852ba1520a129433e5ab330f3e2ae625dd2de6196e1bb798a8cc700', '3ffabc78ea76ca3b888a954a41d7268d', 1);

--
-- Indexes for dumped tables
--

--
-- Indexes for table `episodes`
--
ALTER TABLE `episodes`
  ADD PRIMARY KEY (`id`),
  ADD KEY `season_id` (`season_id`);

--
-- Indexes for table `genre`
--
ALTER TABLE `genre`
  ADD PRIMARY KEY (`id`);

--
-- Indexes for table `history`
--
ALTER TABLE `history`
  ADD PRIMARY KEY (`id`),
  ADD KEY `history_user_id_fk_media_id` (`user_id`),
  ADD KEY `history_media_id_fk_media_id` (`media_id`),
  ADD KEY `episode_id` (`episode_id`);

--
-- Indexes for table `media`
--
ALTER TABLE `media`
  ADD PRIMARY KEY (`id`),
  ADD KEY `media_genre_id_fk_genre_id` (`genre_id`) USING BTREE;

--
-- Indexes for table `season`
--
ALTER TABLE `season`
  ADD PRIMARY KEY (`id`),
  ADD KEY `media_id` (`media_id`);

--
-- Indexes for table `user`
--
ALTER TABLE `user`
  ADD PRIMARY KEY (`id`);

--
-- AUTO_INCREMENT for dumped tables
--

--
-- AUTO_INCREMENT for table `episodes`
--
ALTER TABLE `episodes`
  MODIFY `id` int(11) NOT NULL AUTO_INCREMENT, AUTO_INCREMENT=7;

--
-- AUTO_INCREMENT for table `genre`
--
ALTER TABLE `genre`
  MODIFY `id` int(11) NOT NULL AUTO_INCREMENT, AUTO_INCREMENT=6;

--
-- AUTO_INCREMENT for table `history`
--
ALTER TABLE `history`
  MODIFY `id` int(11) NOT NULL AUTO_INCREMENT, AUTO_INCREMENT=57;

--
-- AUTO_INCREMENT for table `media`
--
ALTER TABLE `media`
  MODIFY `id` int(11) NOT NULL AUTO_INCREMENT, AUTO_INCREMENT=7;

--
-- AUTO_INCREMENT for table `season`
--
ALTER TABLE `season`
  MODIFY `id` int(11) NOT NULL AUTO_INCREMENT, AUTO_INCREMENT=5;

--
-- AUTO_INCREMENT for table `user`
--
ALTER TABLE `user`
  MODIFY `id` int(11) NOT NULL AUTO_INCREMENT, AUTO_INCREMENT=45;

--
-- Constraints for dumped tables
--

--
-- Constraints for table `episodes`
--
ALTER TABLE `episodes`
  ADD CONSTRAINT `episodes_ibfk_1` FOREIGN KEY (`season_id`) REFERENCES `season` (`id`);

--
-- Constraints for table `history`
--
ALTER TABLE `history`
  ADD CONSTRAINT `history_ibfk_1` FOREIGN KEY (`episode_id`) REFERENCES `episodes` (`id`) ON DELETE CASCADE ON UPDATE CASCADE,
  ADD CONSTRAINT `history_media_id_fk_media_id` FOREIGN KEY (`media_id`) REFERENCES `media` (`id`) ON DELETE CASCADE ON UPDATE CASCADE,
  ADD CONSTRAINT `history_user_id_fk_user_id` FOREIGN KEY (`user_id`) REFERENCES `user` (`id`) ON DELETE CASCADE ON UPDATE CASCADE;

--
-- Constraints for table `media`
--
ALTER TABLE `media`
  ADD CONSTRAINT `media_genre_id_b1257088_fk_genre_id` FOREIGN KEY (`genre_id`) REFERENCES `genre` (`id`);

--
-- Constraints for table `season`
--
ALTER TABLE `season`
  ADD CONSTRAINT `season_ibfk_1` FOREIGN KEY (`media_id`) REFERENCES `media` (`id`) ON DELETE CASCADE ON UPDATE CASCADE;
